Workbook

Sheet Tableau de Bord
A1: TABLEAU DE BORD - ACHATS KARITE & FOURNISSEURS
A4: BONS DE COMMANDE EMIS | C4: CAMIONS DECHARGES | E4: EN ATTENTE DE DECHARGEMENT | G4: POIDS NET TOTAL LIVRE (KG) | I4: MONTANT TOTAL ACHATS (FCFA) | K4: SOLDE RESTANT DU (FCFA)
A5: =COUNTA('Bons de Commande'!D5:D1048576) | C5: =COUNTA('Commandes Dechargees'!D5:D1048576) | E5: =COUNTIF('Bons de Commande'!J5:J1048576,"EN ATTENTE") | G5: =SUM('Commandes Dechargees'!H5:H1048576) | I5: =SUM('Commandes Dechargees'!K5:K1048576) | K5: =SUM('Commandes Dechargees'!M5:M1048576)
A9: MONTANT PAYE (FCFA) | C9: % MONTANT PAYE | E9: LIVRAISONS NON PAYEES | G9: LIVRAISONS PARTIELLEMENT PAYEES | I9: FOURNISSEURS ACTIFS | K9: ECARTS PO/CAMION A VERIFIER
A10: =SUM('Commandes Dechargees'!L5:L1048576) | C10: =A10/I5 | E10: =COUNTIF('Commandes Dechargees'!N5:N1048576,"NON PAYE") | G10: =COUNTIF('Commandes Dechargees'!N5:N1048576,"PARTIEL") | I10: =COUNTA(_xlfn.UNIQUE('Commandes Dechargees'!D5:D1048576)) | K10: =COUNTIF('Bons de Commande'!D5:D1048576,"NONE")

Sheet Bons de Commande
C1: BONS DE COMMANDE
C4: Date | D4: N° BC | E4: Code Frs | F4: Fournisseur | G4: N° Camion | H4: Contact Chauffeur | I4: Order QTY(MT) | J4: Verdict Labo | K4: Statut Livraison
C5: 46239 | D5: 0001-BC-SHEA/NAP-2026 | E5: FRS00001 | F5: =_xlfn.XLOOKUP(Table1[[#This Row],[Code Frs]],'CODE FRS'!B:B,'CODE FRS'!C:C) | G5: CA7583RB/AP2290RB | H5: 197257982 | I5: 50 | J5: APROUVE | K5: =_xlfn.IFNA(_xlfn.XLOOKUP(Table1[[#This Row],[N° BC]],'Commandes Dechargees'!B:B,'Commandes Dechargees'!P:P),"EN ATTENTE DE DECHARGEMENT")
C6: 46241 | D6: 0002-BC-SHEA/NAP-2026 | E6: FRS00002 | F6: =_xlfn.XLOOKUP(Table1[[#This Row],[Code Frs]],'CODE FRS'!B:B,'CODE FRS'!C:C) | G6: BL6012RB/AS9458RB | H6: 194252204 | I6: 50 | J6: APROUVE | K6: =_xlfn.IFNA(_xlfn.XLOOKUP(Table1[[#This Row],[N° BC]],'Commandes Dechargees'!B:B,'Commandes Dechargees'!P:P),"EN ATTENTE DE DECHARGEMENT")
C7: 46242 | D7: 0003-BC-SHEA/NAP-2026 | E7: FRS00001 | F7: =_xlfn.XLOOKUP(Table1[[#This Row],[Code Frs]],'CODE FRS'!B:B,'CODE FRS'!C:C) | G7: BU4105RB/BS8146RB | H7: 162958703 | I7: 50 | J7: APROUVE | K7: =_xlfn.IFNA(_xlfn.XLOOKUP(Table1[[#This Row],[N° BC]],'Commandes Dechargees'!B:B,'Commandes Dechargees'!P:P),"EN ATTENTE DE DECHARGEMENT")
C8: 46244 | D8: 0004-BC-SHEA/NAP-2026 | E8: FRS00001 | F8: =_xlfn.XLOOKUP(Table1[[#This Row],[Code Frs]],'CODE FRS'!B:B,'CODE FRS'!C:C) | G8: BT4680RB/BJ0826RB | H8: 197881184 | I8: 50 | J8: REJETE | K8: REJETE
C9: 46244 | D9: 0005-BC-SHEA/NAP-2026 | E9: FRS00001 | F9: =_xlfn.XLOOKUP(Table1[[#This Row],[Code Frs]],'CODE FRS'!B:B,'CODE FRS'!C:C) | G9: CD0085RB/AN4107RB | H9: 196026166 | I9: 45 | J9: APROUVE | K9: =_xlfn.IFNA(_xlfn.XLOOKUP(Table1[[#This Row],[N° BC]],'Commandes Dechargees'!B:B,'Commandes Dechargees'!P:P),"EN ATTENTE DE DECHARGEMENT")
C10: 46244 | D10: 0006-BC-SHEA/NAP-2026 | E10: FRS00003 | F10: =_xlfn.XLOOKUP(Table1[[#This Row],[Code Frs]],'CODE FRS'!B:B,'CODE FRS'!C:C) | G10: BD6541RB/BD6542RB | H10: 140534093 | I10: 50 | J10: REJETE | K10: REJETE
C11: 46244 | D11: 0007-BC-SHEA/NAP-2026 | E11: FRS00002 | F11: =_xlfn.XLOOKUP(Table1[[#This Row],[Code Frs]],'CODE FRS'!B:B,'CODE FRS'!C:C) | G11: CL7219RB/CH7144RB | H11: 153139048 | I11: 50 | J11: APROUVE | K11: =_xlfn.IFNA(_xlfn.XLOOKUP(Table1[[#This Row],[N° BC]],'Commandes Dechargees'!B:B,'Commandes Dechargees'!P:P),"EN ATTENTE DE DECHARGEMENT")
C12: 46244 | D12: 0008-BC-SHEA/NAP-2026 | E12: FRS00004 | F12: =_xlfn.XLOOKUP(Table1[[#This Row],[Code Frs]],'CODE FRS'!B:B,'CODE FRS'!C:C) | G12: CH7143RB | H12: 197275693 | I12: 50 | J12: EN ATTENTE | K12: =_xlfn.IFNA(_xlfn.XLOOKUP(Table1[[#This Row],[N° BC]],'Commandes Dechargees'!B:B,'Commandes Dechargees'!P:P),"EN ATTENTE DE DECHARGEMENT")
C13: 46244 | D13: 0009-BC-SHEA/NAP-2026 | E13: FRS00002 | F13: =_xlfn.XLOOKUP(Table1[[#This Row],[Code Frs]],'CODE FRS'!B:B,'CODE FRS'!C:C) | G13: CH7143RB/BU4686RB | H13: 196804429 | I13: 50 | J13: APROUVE | K13: =_xlfn.IFNA(_xlfn.XLOOKUP(Table1[[#This Row],[N° BC]],'Commandes Dechargees'!B:B,'Commandes Dechargees'!P:P),"EN ATTENTE DE DECHARGEMENT")
C14: 46246 | D14: 0010-BC-SHEA/NAP-2026 | E14: FRS00003 | F14: =_xlfn.XLOOKUP(Table1[[#This Row],[Code Frs]],'CODE FRS'!B:B,'CODE FRS'!C:C) | G14: BM5662RB/BB9141RB | H14: - | I14: 50 | J14: EN ATTENTE | K14: =_xlfn.IFNA(_xlfn.XLOOKUP(Table1[[#This Row],[N° BC]],'Commandes Dechargees'!B:B,'Commandes Dechargees'!P:P),"EN ATTENTE DE DECHARGEMENT")
C15: 46246 | D15: 0011-BC-SHEA/NAP-2026 | E15: FRS00002 | F15: =_xlfn.XLOOKUP(Table1[[#This Row],[Code Frs]],'CODE FRS'!B:B,'CODE FRS'!C:C) | G15: BZ6773RB/AM0814RB | H15: 164555251 | I15: 50 | J15: APROUVE | K15: =_xlfn.IFNA(_xlfn.XLOOKUP(Table1[[#This Row],[N° BC]],'Commandes Dechargees'!B:B,'Commandes Dechargees'!P:P),"EN ATTENTE DE DECHARGEMENT")
C16: 46246 | D16: 0012-BC-SHEA/NAP-2026 | E16: FRS00004 | F16: =_xlfn.XLOOKUP(Table1[[#This Row],[Code Frs]],'CODE FRS'!B:B,'CODE FRS'!C:C) | G16: CB0469RB/BZ8567RB | H16: 19063102 | I16: 50 | J16: REJETE | K16: REJETE
C17: 46247 | D17: 0013-BC-SHEA/NAP-2026 | E17: FRS00003 | F17: =_xlfn.XLOOKUP(Table1[[#This Row],[Code Frs]],'CODE FRS'!B:B,'CODE FRS'!C:C) | G17: AN3809RB/AS6857RB | H17: 140296383 | I17: 50 | J17: REJETE | K17: REJETE
C18: 46247 | D18: 0014-BC-SHEA/NAP-2026 | E18: FRS00003 | F18: =_xlfn.XLOOKUP(Table1[[#This Row],[Code Frs]],'CODE FRS'!B:B,'CODE FRS'!C:C) | G18: BM5662RB/BB9141RB | H18: 196042763 | I18: 50 | J18: EN ATTENTE | K18: =_xlfn.IFNA(_xlfn.XLOOKUP(Table1[[#This Row],[N° BC]],'Commandes Dechargees'!B:B,'Commandes Dechargees'!P:P),"EN ATTENTE DE DECHARGEMENT")
C19: 46247 | D19: 0015-BC-SHEA/NAP-2026 | E19: FRS00005 | F19: =_xlfn.XLOOKUP(Table1[[#This Row],[Code Frs]],'CODE FRS'!B:B,'CODE FRS'!C:C) | G19: AZ4227RB/AE4983RB | H19: 197742448 | I19: 50 | J19: APROUVE | K19: =_xlfn.IFNA(_xlfn.XLOOKUP(Table1[[#This Row],[N° BC]],'Commandes Dechargees'!B:B,'Commandes Dechargees'!P:P),"EN ATTENTE DE DECHARGEMENT")
C20: 46247 | D20: 0016-BC-SHEA/NAP-2026 | E20: FRS00005 | F20: =_xlfn.XLOOKUP(Table1[[#This Row],[Code Frs]],'CODE FRS'!B:B,'CODE FRS'!C:C) | G20: BF4794RB/BG3245RB | H20: 148696900 | I20: 50 | J20: REJETE | K20: REJETE
C21: 46247 | D21: 0017-BC-SHEA/NAP-2026 | E21: FRS00006 | F21: =_xlfn.XLOOKUP(Table1[[#This Row],[Code Frs]],'CODE FRS'!B:B,'CODE FRS'!C:C) | G21: BN9320RB/1254RB | H21: 198209181 | I21: 45 | J21: APROUVE | K21: =_xlfn.IFNA(_xlfn.XLOOKUP(Table1[[#This Row],[N° BC]],'Commandes Dechargees'!B:B,'Commandes Dechargees'!P:P),"EN ATTENTE DE DECHARGEMENT")
C22: 46247 | D22: 0018-BC-SHEA/NAP-2026 | E22: FRS00006 | F22: =_xlfn.XLOOKUP(Table1[[#This Row],[Code Frs]],'CODE FRS'!B:B,'CODE FRS'!C:C) | G22: CA0713RB/BH0362RB | H22: 193946883 | I22: 45 | J22: APROUVE | K22: =_xlfn.IFNA(_xlfn.XLOOKUP(Table1[[#This Row],[N° BC]],'Commandes Dechargees'!B:B,'Commandes Dechargees'!P:P),"EN ATTENTE DE DECHARGEMENT")
C23: 46247 | D23: 0019-BC-SHEA/NAP-2026 | E23: FRS00007 | F23: =_xlfn.XLOOKUP(Table1[[#This Row],[Code Frs]],'CODE FRS'!B:B,'CODE FRS'!C:C) | G23: CK9046RB/CB6301RB | H23: 196562615 | I23: 50 | J23: REJETE | K23: REJETE
C24: 46247 | D24: 0020-BC-SHEA/NAP-2026 | E24: FRS00007 | F24: =_xlfn.XLOOKUP(Table1[[#This Row],[Code Frs]],'CODE FRS'!B:B,'CODE FRS'!C:C) | G24: BS4562RB/AY6037RB | H24: 197703410 | I24: 50 | J24: REJETE | K24: REJETE
C25: 46247 | D25: 0021-BC-SHEA/NAP-2026 | E25: FRS00001 | F25: =_xlfn.XLOOKUP(Table1[[#This Row],[Code Frs]],'CODE FRS'!B:B,'CODE FRS'!C:C) | G25: CB6228RB/CC4818RB | H25: - | I25: 50 | J25: APROUVE | K25: =_xlfn.IFNA(_xlfn.XLOOKUP(Table1[[#This Row],[N° BC]],'Commandes Dechargees'!B:B,'Commandes Dechargees'!P:P),"EN ATTENTE DE DECHARGEMENT")
C26: 46248 | D26: 0022-BC-SHEA/NAP-2026 | E26: FRS00009 | F26: =_xlfn.XLOOKUP(Table1[[#This Row],[Code Frs]],'CODE FRS'!B:B,'CODE FRS'!C:C) | G26: BB9793RB/BD3472RB | H26: 197114423 | I26: 50 | J26: APROUVE | K26: =_xlfn.IFNA(_xlfn.XLOOKUP(Table1[[#This Row],[N° BC]],'Commandes Dechargees'!B:B,'Commandes Dechargees'!P:P),"EN ATTENTE DE DECHARGEMENT")
C27: 46248 | D27: 0023-BC-SHEA/NAP-2026 | E27: FRS00010 | F27: =_xlfn.XLOOKUP(Table1[[#This Row],[Code Frs]],'CODE FRS'!B:B,'CODE FRS'!C:C) | G27: BR9516RB/BD8968RB | H27: 162835009 | I27: 40 | J27: EN ATTENTE | K27: =_xlfn.IFNA(_xlfn.XLOOKUP(Table1[[#This Row],[N° BC]],'Commandes Dechargees'!B:B,'Commandes Dechargees'!P:P),"EN ATTENTE DE DECHARGEMENT")
C28: 46248 | D28: 0024-BC-SHEA/NAP-2026 | E28: FRS00011 | F28: =_xlfn.XLOOKUP(Table1[[#This Row],[Code Frs]],'CODE FRS'!B:B,'CODE FRS'!C:C) | G28: BY2229RB/BD4807RB | H28: 140861444 | I28: 50 | J28: REJETE | K28: REJETE
C29: 46248 | D29: 0025-BC-SHEA/NAP-2026 | E29: FRS00012 | F29: =_xlfn.XLOOKUP(Table1[[#This Row],[Code Frs]],'CODE FRS'!B:B,'CODE FRS'!C:C) | G29: CF7090RB/AZ1276RB | H29: 197365988 | I29: 45 | J29: ANNULE | K29: =_xlfn.IFNA(_xlfn.XLOOKUP(Table1[[#This Row],[N° BC]],'Commandes Dechargees'!B:B,'Commandes Dechargees'!P:P),"EN ATTENTE DE DECHARGEMENT")
C30: 46248 | D30: 0026-BC-SHEA/NAP-2026 | E30: FRS00001 | F30: =_xlfn.XLOOKUP(Table1[[#This Row],[Code Frs]],'CODE FRS'!B:B,'CODE FRS'!C:C) | G30: CG9072RB/CC4676RB | H30: 141192392 | I30: 35 | J30: APROUVE | K30: =_xlfn.IFNA(_xlfn.XLOOKUP(Table1[[#This Row],[N° BC]],'Commandes Dechargees'!B:B,'Commandes Dechargees'!P:P),"EN ATTENTE DE DECHARGEMENT")
C31: 46248 | D31: 0027-BC-SHEA/NAP-2026 | E31: FRS00013 | F31: =_xlfn.XLOOKUP(Table1[[#This Row],[Code Frs]],'CODE FRS'!B:B,'CODE FRS'!C:C) | G31: BA0693RB/BG9156RB | H31: 162765372 | I31: 45 | J31: APROUVE | K31: =_xlfn.IFNA(_xlfn.XLOOKUP(Table1[[#This Row],[N° BC]],'Commandes Dechargees'!B:B,'Commandes Dechargees'!P:P),"EN ATTENTE DE DECHARGEMENT")
C32: 46248 | D32: 0028-BC-SHEA/NAP-2026 | E32: FRS00003 | F32: =_xlfn.XLOOKUP(Table1[[#This Row],[Code Frs]],'CODE FRS'!B:B,'CODE FRS'!C:C) | G32: BS9080RB/BB2652RB | H32: 163435902 | I32: 50 | J32: REJETE | K32: REJETE
C33: 46248 | D33: 0029-BC-SHEA/NAP-2026 | E33: FRS00009 | F33: =_xlfn.XLOOKUP(Table1[[#This Row],[Code Frs]],'CODE FRS'!B:B,'CODE FRS'!C:C) | G33: BX9971RB | H33: 197291416 | I33: 50 | J33: REJETE | K33: REJETE
C34: 46248 | D34: 0030-BC-SHEA/NAP-2026 | E34: FRS00009 | F34: =_xlfn.XLOOKUP(Table1[[#This Row],[Code Frs]],'CODE FRS'!B:B,'CODE FRS'!C:C) | G34: BA8553RB/BB0493RB | H34: 167127112 | I34: 50 | J34: REJETE | K34: REJETE
C35: 46249 | D35: 0031-BC-SHEA/NAP-2026 | E35: FRS00014 | F35: =_xlfn.XLOOKUP(Table1[[#This Row],[Code Frs]],'CODE FRS'!B:B,'CODE FRS'!C:C) | G35: BS4324RB /4374RB | H35: 194304813 | I35: 55 | J35: EN ATTENTE | K35: =_xlfn.IFNA(_xlfn.XLOOKUP(Table1[[#This Row],[N° BC]],'Commandes Dechargees'!B:B,'Commandes Dechargees'!P:P),"EN ATTENTE DE DECHARGEMENT")
C36: 46249 | D36: 0032-BC-SHEA/NAP-2026 | E36: FRS00015 | F36: =_xlfn.XLOOKUP(Table1[[#This Row],[Code Frs]],'CODE FRS'!B:B,'CODE FRS'!C:C) | G36: AY3969RB/AD0138RB | H36: 143756265 | I36: 50 | J36: APROUVE | K36: =_xlfn.IFNA(_xlfn.XLOOKUP(Table1[[#This Row],[N° BC]],'Commandes Dechargees'!B:B,'Commandes Dechargees'!P:P),"EN ATTENTE DE DECHARGEMENT")
C37: 46249 | D37: 0033-BC-SHEA/NAP-2026 | E37: FRS00016 | F37: =_xlfn.XLOOKUP(Table1[[#This Row],[Code Frs]],'CODE FRS'!B:B,'CODE FRS'!C:C) | G37: AP7150RB/AL0466RB | H37: 0197436870 ET 0141422926 | I37: 50 | J37: APROUVE | K37: =_xlfn.IFNA(_xlfn.XLOOKUP(Table1[[#This Row],[N° BC]],'Commandes Dechargees'!B:B,'Commandes Dechargees'!P:P),"EN ATTENTE DE DECHARGEMENT")
C38: 46249 | D38: 0034-BC-SHEA/NAP-2026 | E38: FRS00012 | F38: =_xlfn.XLOOKUP(Table1[[#This Row],[Code Frs]],'CODE FRS'!B:B,'CODE FRS'!C:C) | G38: AZ8985RB/AN0577RB | H38: 197760647 | I38: 45 | J38: REJETE | K38: REJETE
C39: 46249 | D39: 0035-BC-SHEA/NAP-2026 | E39: FRS00011 | F39: =_xlfn.XLOOKUP(Table1[[#This Row],[Code Frs]],'CODE FRS'!B:B,'CODE FRS'!C:C) | G39: BU9958RB/AL0499RB | H39: 01 97502513 ET 0144635683 | I39: 50 | J39: REJETE | K39: REJETE
C40: 46249 | D40: 0036-BC-SHEA/NAP-2026 | E40: FRS00011 | F40: =_xlfn.XLOOKUP(Table1[[#This Row],[Code Frs]],'CODE FRS'!B:B,'CODE FRS'!C:C) | G40: CE6743RB/CC9634RB | H40: 01 97502513 ET 0151084124 | I40: 50 | J40: EN ATTENTE | K40: =_xlfn.IFNA(_xlfn.XLOOKUP(Table1[[#This Row],[N° BC]],'Commandes Dechargees'!B:B,'Commandes Dechargees'!P:P),"EN ATTENTE DE DECHARGEMENT")
C41: 46249 | D41: 0037-BC-SHEA/NAP-2026 | E41: FRS00011 | F41: =_xlfn.XLOOKUP(Table1[[#This Row],[Code Frs]],'CODE FRS'!B:B,'CODE FRS'!C:C) | G41: CC2786RB/AT7647RB | H41: 01 97502513 ET 0159551025 | I41: 51 | J41: ANNULE | K41: =_xlfn.IFNA(_xlfn.XLOOKUP(Table1[[#This Row],[N° BC]],'Commandes Dechargees'!B:B,'Commandes Dechargees'!P:P),"EN ATTENTE DE DECHARGEMENT")
C42: 46249 | D42: 0038-BC-SHEA/NAP-2026 | E42: FRS00001 | F42: =_xlfn.XLOOKUP(Table1[[#This Row],[Code Frs]],'CODE FRS'!B:B,'CODE FRS'!C:C) | G42: CJ4249RB/AU9045RB | H42: 0195036013 ET 0196902499 | I42: 50 | J42: EN ATTENTE | K42: =_xlfn.IFNA(_xlfn.XLOOKUP(Table1[[#This Row],[N° BC]],'Commandes Dechargees'!B:B,'Commandes Dechargees'!P:P),"EN ATTENTE DE DECHARGEMENT")
C43: 46249 | D43: 0039-BC-SHEA/NAP-2026 | E43: FRS00017 | F43: =_xlfn.XLOOKUP(Table1[[#This Row],[Code Frs]],'CODE FRS'!B:B,'CODE FRS'!C:C) | G43: CB2032RB/CB1943RB | H43: 195501197 | I43: 35 | J43: APROUVE | K43: =_xlfn.IFNA(_xlfn.XLOOKUP(Table1[[#This Row],[N° BC]],'Commandes Dechargees'!B:B,'Commandes Dechargees'!P:P),"EN ATTENTE DE DECHARGEMENT")
C44: 46251 | D44: 0040-BC-SHEA/NAP-2026 | E44: FRS00018 | F44: =_xlfn.XLOOKUP(Table1[[#This Row],[Code Frs]],'CODE FRS'!B:B,'CODE FRS'!C:C) | G44: CC2368RB/BP2534RB | H44: 196657698 | I44: 50 | J44: REJETE | K44: REJETE
C45: 46251 | D45: 0041-BC-SHEA/NAP-2026 | E45: FRS00003 | F45: =_xlfn.XLOOKUP(Table1[[#This Row],[Code Frs]],'CODE FRS'!B:B,'CODE FRS'!C:C) | G45: BP4509RB/AV2192RB | H45: 197491513 | I45: 50 | J45: APROUVE | K45: =_xlfn.IFNA(_xlfn.XLOOKUP(Table1[[#This Row],[N° BC]],'Commandes Dechargees'!B:B,'Commandes Dechargees'!P:P),"EN ATTENTE DE DECHARGEMENT")
C46: 46251 | D46: 0042-BC-SHEA/NAP-2026 | E46: FRS00003 | F46: =_xlfn.XLOOKUP(Table1[[#This Row],[Code Frs]],'CODE FRS'!B:B,'CODE FRS'!C:C) | G46: AT8153RB/BN3081RB | H46: 166359660 | I46: 45 | J46: APROUVE | K46: =_xlfn.IFNA(_xlfn.XLOOKUP(Table1[[#This Row],[N° BC]],'Commandes Dechargees'!B:B,'Commandes Dechargees'!P:P),"EN ATTENTE DE DECHARGEMENT")
C47: 46251 | D47: 0043-BC-SHEA/NAP-2026 | E47: FRS00003 | F47: =_xlfn.XLOOKUP(Table1[[#This Row],[Code Frs]],'CODE FRS'!B:B,'CODE FRS'!C:C) | G47: BY1669RB/BY1665RB | H47: - | I47: 45 | J47: APROUVE | K47: =_xlfn.IFNA(_xlfn.XLOOKUP(Table1[[#This Row],[N° BC]],'Commandes Dechargees'!B:B,'Commandes Dechargees'!P:P),"EN ATTENTE DE DECHARGEMENT")
C48: 46251 | D48: 0044-BC-SHEA/NAP-2026 | E48: FRS00011 | F48: =_xlfn.XLOOKUP(Table1[[#This Row],[Code Frs]],'CODE FRS'!B:B,'CODE FRS'!C:C) | G48: CB6370RB/ BY4656RB | H48: 196902628 | I48: 50 | J48: ANNULE | K48: =_xlfn.IFNA(_xlfn.XLOOKUP(Table1[[#This Row],[N° BC]],'Commandes Dechargees'!B:B,'Commandes Dechargees'!P:P),"EN ATTENTE DE DECHARGEMENT")
C49: 46251 | D49: 0045-BC-SHEA/NAP-2026 | E49: FRS00011 | F49: =_xlfn.XLOOKUP(Table1[[#This Row],[Code Frs]],'CODE FRS'!B:B,'CODE FRS'!C:C) | G49: CL0201RB/CJ8154RB | H49: 161741332 | I49: 50 | J49: APROUVE | K49: =_xlfn.IFNA(_xlfn.XLOOKUP(Table1[[#This Row],[N° BC]],'Commandes Dechargees'!B:B,'Commandes Dechargees'!P:P),"EN ATTENTE DE DECHARGEMENT")
C50: 46251 | D50: 0046-BC-SHEA/NAP-2026 | E50: FRS00003 | F50: =_xlfn.XLOOKUP(Table1[[#This Row],[Code Frs]],'CODE FRS'!B:B,'CODE FRS'!C:C) | G50: BU0599RB/BC0599RB | H50: 160177879 | I50: 50 | J50: APROUVE | K50: =_xlfn.IFNA(_xlfn.XLOOKUP(Table1[[#This Row],[N° BC]],'Commandes Dechargees'!B:B,'Commandes Dechargees'!P:P),"EN ATTENTE DE DECHARGEMENT")
C51: 46251 | D51: 0047-BC-SHEA/NAP-2026 | E51: FRS00001 | F51: =_xlfn.XLOOKUP(Table1[[#This Row],[Code Frs]],'CODE FRS'!B:B,'CODE FRS'!C:C) | G51: CE7131RB/CE8609RB | H51: 152755334 | I51: 50 | J51: REJETE | K51: REJETE
C52: 46251 | D52: 0048-BC-SHEA/NAP-2026 | E52: FRS00001 | F52: =_xlfn.XLOOKUP(Table1[[#This Row],[Code Frs]],'CODE FRS'!B:B,'CODE FRS'!C:C) | G52: CE6019RB/CE6020RB | H52: 194951894 | I52: 48 | J52: APROUVE | K52: =_xlfn.IFNA(_xlfn.XLOOKUP(Table1[[#This Row],[N° BC]],'Commandes Dechargees'!B:B,'Commandes Dechargees'!P:P),"EN ATTENTE DE DECHARGEMENT")
C53: 46251 | D53: 0049-BC-SHEA/NAP-2026 | E53: FRS00004 | F53: =_xlfn.XLOOKUP(Table1[[#This Row],[Code Frs]],'CODE FRS'!B:B,'CODE FRS'!C:C) | G53: CB6790RB/BT1547RB | H53: 162991973 | I53: 50 | J53: APROUVE | K53: =_xlfn.IFNA(_xlfn.XLOOKUP(Table1[[#This Row],[N° BC]],'Commandes Dechargees'!B:B,'Commandes Dechargees'!P:P),"EN ATTENTE DE DECHARGEMENT")
C54: 46251 | D54: 0050-BC-SHEA/NAP-2026 | E54: FRS00010 | F54: =_xlfn.XLOOKUP(Table1[[#This Row],[Code Frs]],'CODE FRS'!B:B,'CODE FRS'!C:C) | G54: BT0362RB/BT3698RB | H54: 167887501 | I54: 50 | J54: REJETE | K54: REJETE
C55: 46252 | D55: 0051-BC-SHEA/NAP-2026 | E55: FRS00001 | F55: =_xlfn.XLOOKUP(Table1[[#This Row],[Code Frs]],'CODE FRS'!B:B,'CODE FRS'!C:C) | G55: BY5570RB/BH1863RB | H55: 194499732 | I55: 50 | J55: APROUVE | K55: =_xlfn.IFNA(_xlfn.XLOOKUP(Table1[[#This Row],[N° BC]],'Commandes Dechargees'!B:B,'Commandes Dechargees'!P:P),"EN ATTENTE DE DECHARGEMENT")
C56: 46252 | D56: 0052-BC-SHEA/NAP-2026 | E56: FRS00019 | F56: =_xlfn.XLOOKUP(Table1[[#This Row],[Code Frs]],'CODE FRS'!B:B,'CODE FRS'!C:C) | G56: BY6831RB/BC1375RB | H56: 148003238 | I56: 50 | J56: APROUVE | K56: =_xlfn.IFNA(_xlfn.XLOOKUP(Table1[[#This Row],[N° BC]],'Commandes Dechargees'!B:B,'Commandes Dechargees'!P:P),"EN ATTENTE DE DECHARGEMENT")
C57: 46252 | D57: 0053-BC-SHEA/NAP-2026 | E57: FRS00016 | F57: =_xlfn.XLOOKUP(Table1[[#This Row],[Code Frs]],'CODE FRS'!B:B,'CODE FRS'!C:C) | G57: BP6016RB/BB1424RB | H57: 144032700 | I57: 50 | J57: EN ATTENTE | K57: =_xlfn.IFNA(_xlfn.XLOOKUP(Table1[[#This Row],[N° BC]],'Commandes Dechargees'!B:B,'Commandes Dechargees'!P:P),"EN ATTENTE DE DECHARGEMENT")
C58: 46252 | D58: 0054-BC-SHEA/NAP-2026 | E58: FRS00006 | F58: =_xlfn.XLOOKUP(Table1[[#This Row],[Code Frs]],'CODE FRS'!B:B,'CODE FRS'!C:C) | G58: CE3990RB/CE0722RB | H58: 161628072 | I58: 40 | J58: EN ATTENTE | K58: =_xlfn.IFNA(_xlfn.XLOOKUP(Table1[[#This Row],[N° BC]],'Commandes Dechargees'!B:B,'Commandes Dechargees'!P:P),"EN ATTENTE DE DECHARGEMENT")
C59: 46252 | D59: 0055-BC-SHEA/NAP-2026 | E59: FRS00020 | F59: =_xlfn.XLOOKUP(Table1[[#This Row],[Code Frs]],'CODE FRS'!B:B,'CODE FRS'!C:C) | G59: CJ1106RB/BT4254RB | H59: 144599373 | I59: 50 | J59: EN ATTENTE | K59: =_xlfn.IFNA(_xlfn.XLOOKUP(Table1[[#This Row],[N° BC]],'Commandes Dechargees'!B:B,'Commandes Dechargees'!P:P),"EN ATTENTE DE DECHARGEMENT")
C60: 46253 | D60: 0056-BC-SHEA/NAP-2026 | E60: FRS00014 | F60: =_xlfn.XLOOKUP(Table1[[#This Row],[Code Frs]],'CODE FRS'!B:B,'CODE FRS'!C:C) | G60: BN8284RB/AH6563RB | H60: 166552623 | I60: 50 | J60: REJETE | K60: REJETE
C61: 46253 | D61: 0057-BC-SHEA/NAP-2026 | E61: FRS00001 | F61: =_xlfn.XLOOKUP(Table1[[#This Row],[Code Frs]],'CODE FRS'!B:B,'CODE FRS'!C:C) | G61: BE0581RB/AZ5255RB | H61: 193400076 | I61: 50 | J61: REJETE | K61: REJETE
C62: 46253 | D62: 0058-BC-SHEA/NAP-2026 | E62: FRS00021 | F62: =_xlfn.XLOOKUP(Table1[[#This Row],[Code Frs]],'CODE FRS'!B:B,'CODE FRS'!C:C) | G62: CH2008RB/BA5975RB | H62: 144278738 | I62: 42 | J62: APROUVE | K62: =_xlfn.IFNA(_xlfn.XLOOKUP(Table1[[#This Row],[N° BC]],'Commandes Dechargees'!B:B,'Commandes Dechargees'!P:P),"EN ATTENTE DE DECHARGEMENT")
C63: 46253 | D63: 0059-BC-SHEA/NAP-2026 | E63: FRS00016 | F63: =_xlfn.XLOOKUP(Table1[[#This Row],[Code Frs]],'CODE FRS'!B:B,'CODE FRS'!C:C) | G63: BU6129/BU5781RB | H63: 165164733 | I63: 50 | J63: APROUVE | K63: =_xlfn.IFNA(_xlfn.XLOOKUP(Table1[[#This Row],[N° BC]],'Commandes Dechargees'!B:B,'Commandes Dechargees'!P:P),"EN ATTENTE DE DECHARGEMENT")
C64: 46253 | D64: 0060-BC-SHEA/NAP-2026 | E64: FRS00016 | F64: =_xlfn.XLOOKUP(Table1[[#This Row],[Code Frs]],'CODE FRS'!B:B,'CODE FRS'!C:C) | G64: BR5745/AX3586RB | H64: 156841695 | I64: 50 | J64: APROUVE | K64: =_xlfn.IFNA(_xlfn.XLOOKUP(Table1[[#This Row],[N° BC]],'Commandes Dechargees'!B:B,'Commandes Dechargees'!P:P),"EN ATTENTE DE DECHARGEMENT")
C65: 46253 | D65: 0061-BC-SHEA/NAP-2026 | E65: FRS00006 | F65: =_xlfn.XLOOKUP(Table1[[#This Row],[Code Frs]],'CODE FRS'!B:B,'CODE FRS'!C:C) | G65: BS5267/4602RB | H65: 197379795 | I65: 50 | J65: EN ATTENTE | K65: =_xlfn.IFNA(_xlfn.XLOOKUP(Table1[[#This Row],[N° BC]],'Commandes Dechargees'!B:B,'Commandes Dechargees'!P:P),"EN ATTENTE DE DECHARGEMENT")
C66: 46254 | D66: 0062-BC-SHEA/NAP-2026 | E66: FRS00001 | F66: =_xlfn.XLOOKUP(Table1[[#This Row],[Code Frs]],'CODE FRS'!B:B,'CODE FRS'!C:C) | G66: BS9163RB/CD2740RB | H66: 197700732 | I66: 46 | J66: APROUVE | K66: =_xlfn.IFNA(_xlfn.XLOOKUP(Table1[[#This Row],[N° BC]],'Commandes Dechargees'!B:B,'Commandes Dechargees'!P:P),"EN ATTENTE DE DECHARGEMENT")
C67: 46254 | D67: 0063-BC-SHEA/NAP-2026 | E67: FRS00022 | F67: =_xlfn.XLOOKUP(Table1[[#This Row],[Code Frs]],'CODE FRS'!B:B,'CODE FRS'!C:C) | G67: BP5945RB/BY8609RB | H67: 197383815 | I67: 38 | J67: APROUVE | K67: =_xlfn.IFNA(_xlfn.XLOOKUP(Table1[[#This Row],[N° BC]],'Commandes Dechargees'!B:B,'Commandes Dechargees'!P:P),"EN ATTENTE DE DECHARGEMENT")
C68: 46254 | D68: 0064-BC-SHEA/NAP-2026 | E68: FRS00006 | F68: =_xlfn.XLOOKUP(Table1[[#This Row],[Code Frs]],'CODE FRS'!B:B,'CODE FRS'!C:C) | G68: CL2204RB/BV2541RB | H68: 190365237 | I68: 45 | J68: APROUVE | K68: =_xlfn.IFNA(_xlfn.XLOOKUP(Table1[[#This Row],[N° BC]],'Commandes Dechargees'!B:B,'Commandes Dechargees'!P:P),"EN ATTENTE DE DECHARGEMENT")
C69: 46254 | D69: 0065-BC-SHEA/NAP-2026 | E69: FRS00016 | F69: =_xlfn.XLOOKUP(Table1[[#This Row],[Code Frs]],'CODE FRS'!B:B,'CODE FRS'!C:C) | G69: CK5227/CK6157RB | H69: 141544135 | I69: 50 | J69: APROUVE | K69: =_xlfn.IFNA(_xlfn.XLOOKUP(Table1[[#This Row],[N° BC]],'Commandes Dechargees'!B:B,'Commandes Dechargees'!P:P),"EN ATTENTE DE DECHARGEMENT")
C70: 46254 | D70: 0066-BC-SHEA/NAP-2026 | E70: FRS00016 | F70: =_xlfn.XLOOKUP(Table1[[#This Row],[Code Frs]],'CODE FRS'!B:B,'CODE FRS'!C:C) | G70: BF6815/BA3127RB | H70: 169763269 | I70: 50 | J70: EN ATTENTE | K70: =_xlfn.IFNA(_xlfn.XLOOKUP(Table1[[#This Row],[N° BC]],'Commandes Dechargees'!B:B,'Commandes Dechargees'!P:P),"EN ATTENTE DE DECHARGEMENT")
C71: 46254 | D71: 0067-BC-SHEA/NAP-2026 | E71: FRS00009 | F71: =_xlfn.XLOOKUP(Table1[[#This Row],[Code Frs]],'CODE FRS'!B:B,'CODE FRS'!C:C) | G71: CD6234RB/CD6233RB | H71: 196909282 | I71: 50 | J71: REJETE | K71: REJETE
C72: 46255 | D72: 0068-BC-SHEA/NAP-2026 | E72: FRS00009 | F72: =_xlfn.XLOOKUP(Table1[[#This Row],[Code Frs]],'CODE FRS'!B:B,'CODE FRS'!C:C) | G72: BS6715RB/AP8439RB | H72: 196909282 | I72: 50 | J72: EN ATTENTE | K72: =_xlfn.IFNA(_xlfn.XLOOKUP(Table1[[#This Row],[N° BC]],'Commandes Dechargees'!B:B,'Commandes Dechargees'!P:P),"EN ATTENTE DE DECHARGEMENT")
C73: 46255 | D73: 0069-BC-SHEA/NAP-2026 | E73: FRS00016 | F73: =_xlfn.XLOOKUP(Table1[[#This Row],[Code Frs]],'CODE FRS'!B:B,'CODE FRS'!C:C) | G73: CA7583/AP2290RB | H73: 162060618 | I73: 50 | J73: APROUVE | K73: =_xlfn.IFNA(_xlfn.XLOOKUP(Table1[[#This Row],[N° BC]],'Commandes Dechargees'!B:B,'Commandes Dechargees'!P:P),"EN ATTENTE DE DECHARGEMENT")
C74: 46255 | D74: 0070-BC-SHEA/NAP-2026 | E74: FRS00016 | F74: =_xlfn.XLOOKUP(Table1[[#This Row],[Code Frs]],'CODE FRS'!B:B,'CODE FRS'!C:C) | G74: CA5858/AC1719 RB | H74: 143039404 | I74: 50 | J74: APROUVE | K74: =_xlfn.IFNA(_xlfn.XLOOKUP(Table1[[#This Row],[N° BC]],'Commandes Dechargees'!B:B,'Commandes Dechargees'!P:P),"EN ATTENTE DE DECHARGEMENT")
C75: 46255 | D75: 0071-BC-SHEA/NAP-2026 | E75: FRS00007 | F75: =_xlfn.XLOOKUP(Table1[[#This Row],[Code Frs]],'CODE FRS'!B:B,'CODE FRS'!C:C) | G75: BN5162/ BS1546RB | H75: 166193674 | I75: 50 | J75: EN ATTENTE | K75: =_xlfn.IFNA(_xlfn.XLOOKUP(Table1[[#This Row],[N° BC]],'Commandes Dechargees'!B:B,'Commandes Dechargees'!P:P),"EN ATTENTE DE DECHARGEMENT")
C76: 46255 | D76: 0072-BC-SHEA/NAP-2026 | E76: FRS00010 | F76: =_xlfn.XLOOKUP(Table1[[#This Row],[Code Frs]],'CODE FRS'!B:B,'CODE FRS'!C:C) | G76: CE4892RB/AX7785RB | H76: 166326936 | I76: 50 | J76: REJETE | K76: REJETE
C77: 46255 | D77: 0073-BC-SHEA/NAP-2026 | E77: FRS00021 | F77: =_xlfn.XLOOKUP(Table1[[#This Row],[Code Frs]],'CODE FRS'!B:B,'CODE FRS'!C:C) | G77: BS7274RB/AE2056RB | H77: 197967072 | I77: 45 | J77: EN ATTENTE | K77: =_xlfn.IFNA(_xlfn.XLOOKUP(Table1[[#This Row],[N° BC]],'Commandes Dechargees'!B:B,'Commandes Dechargees'!P:P),"EN ATTENTE DE DECHARGEMENT")
C78: 46255 | D78: 0074-BC-SHEA/NAP-2026 | E78: FRS00021 | F78: =_xlfn.XLOOKUP(Table1[[#This Row],[Code Frs]],'CODE FRS'!B:B,'CODE FRS'!C:C) | G78: BY0595RB/BT9372RB | H78: 143644032 | I78: 43 | J78: EN ATTENTE | K78: =_xlfn.IFNA(_xlfn.XLOOKUP(Table1[[#This Row],[N° BC]],'Commandes Dechargees'!B:B,'Commandes Dechargees'!P:P),"EN ATTENTE DE DECHARGEMENT")
C79: 46255 | D79: 0075-BC-SHEA/NAP-2026 | E79: FRS00003 | F79: =_xlfn.XLOOKUP(Table1[[#This Row],[Code Frs]],'CODE FRS'!B:B,'CODE FRS'!C:C) | G79: AX8757RB/AJ9269RB | H79: 197383256 | I79: 50 | J79: APROUVE | K79: =_xlfn.IFNA(_xlfn.XLOOKUP(Table1[[#This Row],[N° BC]],'Commandes Dechargees'!B:B,'Commandes Dechargees'!P:P),"EN ATTENTE DE DECHARGEMENT")
C80: 46255 | D80: 0076-BC-SHEA/NAP-2026 | E80: FRS00001 | F80: =_xlfn.XLOOKUP(Table1[[#This Row],[Code Frs]],'CODE FRS'!B:B,'CODE FRS'!C:C) | G80: CG4463RB/CE6958RB | H80: 152872506 | I80: 48 | J80: APROUVE | K80: =_xlfn.IFNA(_xlfn.XLOOKUP(Table1[[#This Row],[N° BC]],'Commandes Dechargees'!B:B,'Commandes Dechargees'!P:P),"EN ATTENTE DE DECHARGEMENT")
C81: 46256 | D81: 0077-BC-SHEA/NAP-2026 | E81: FRS00021 | F81: =_xlfn.XLOOKUP(Table1[[#This Row],[Code Frs]],'CODE FRS'!B:B,'CODE FRS'!C:C) | G81: CD0405RB/AN1489RB | H81: 160198409 | I81: 45 | J81: EN ATTENTE | K81: =_xlfn.IFNA(_xlfn.XLOOKUP(Table1[[#This Row],[N° BC]],'Commandes Dechargees'!B:B,'Commandes Dechargees'!P:P),"EN ATTENTE DE DECHARGEMENT")
C82: 46256 | D82: 0078-BC-SHEA/NAP-2026 | E82: FRS00009 | F82: =_xlfn.XLOOKUP(Table1[[#This Row],[Code Frs]],'CODE FRS'!B:B,'CODE FRS'!C:C) | G82: BD4987RB/BE6187RB | H82: 196527302 | I82: 43 | J82: APROUVE | K82: =_xlfn.IFNA(_xlfn.XLOOKUP(Table1[[#This Row],[N° BC]],'Commandes Dechargees'!B:B,'Commandes Dechargees'!P:P),"EN ATTENTE DE DECHARGEMENT")
C83: 46256 | D83: 0079-BC-SHEA/NAP-2026 | E83: FRS00023 | F83: =_xlfn.XLOOKUP(Table1[[#This Row],[Code Frs]],'CODE FRS'!B:B,'CODE FRS'!C:C) | G83: BT1725RB | H83: 140391210 | I83: 47 | J83: EN ATTENTE | K83: =_xlfn.IFNA(_xlfn.XLOOKUP(Table1[[#This Row],[N° BC]],'Commandes Dechargees'!B:B,'Commandes Dechargees'!P:P),"EN ATTENTE DE DECHARGEMENT")
C84: 46256 | D84: 0080-BC-SHEA/NAP-2026 | E84: FRS00001 | F84: =_xlfn.XLOOKUP(Table1[[#This Row],[Code Frs]],'CODE FRS'!B:B,'CODE FRS'!C:C) | G84: BE0559RB/BD8562RB | H84: 194971590 | I84: 45 | J84: APROUVE | K84: =_xlfn.IFNA(_xlfn.XLOOKUP(Table1[[#This Row],[N° BC]],'Commandes Dechargees'!B:B,'Commandes Dechargees'!P:P),"EN ATTENTE DE DECHARGEMENT")
C85: 46258 | D85: 0081-BC-SHEA/NAP-2026 | E85: FRS00001 | F85: =_xlfn.XLOOKUP(Table1[[#This Row],[Code Frs]],'CODE FRS'!B:B,'CODE FRS'!C:C) | G85: BE0581RB/AZ5255RB | H85: 193400076 | I85: 45 | J85: EN ATTENTE | K85: =_xlfn.IFNA(_xlfn.XLOOKUP(Table1[[#This Row],[N° BC]],'Commandes Dechargees'!B:B,'Commandes Dechargees'!P:P),"EN ATTENTE DE DECHARGEMENT")
C86: 46258 | D86: 0082-BC-SHEA/NAP-2026 | E86: FRS00025 | F86: =_xlfn.XLOOKUP(Table1[[#This Row],[Code Frs]],'CODE FRS'!B:B,'CODE FRS'!C:C) | G86: BP6016RB/BB1424RB | H86: 144032700 | I86: 45 | J86: APROUVE | K86: =_xlfn.IFNA(_xlfn.XLOOKUP(Table1[[#This Row],[N° BC]],'Commandes Dechargees'!B:B,'Commandes Dechargees'!P:P),"EN ATTENTE DE DECHARGEMENT")
C87: 46258 | D87: 0083-BC-SHEA/NAP-2026 | E87: FRS00020 | F87: =_xlfn.XLOOKUP(Table1[[#This Row],[Code Frs]],'CODE FRS'!B:B,'CODE FRS'!C:C) | G87: CF1589RB/BS9736RB | H87: 169403795 | I87: 45 | J87: APROUVE | K87: =_xlfn.IFNA(_xlfn.XLOOKUP(Table1[[#This Row],[N° BC]],'Commandes Dechargees'!B:B,'Commandes Dechargees'!P:P),"EN ATTENTE DE DECHARGEMENT")
C88: 46258 | D88: 0084-BC-SHEA/NAP-2026 | E88: FRS00026 | F88: =_xlfn.XLOOKUP(Table1[[#This Row],[Code Frs]],'CODE FRS'!B:B,'CODE FRS'!C:C) | G88: CK6314RB/CK6312RB | H88: 196794484 | I88: 50 | J88: EN ATTENTE | K88: =_xlfn.IFNA(_xlfn.XLOOKUP(Table1[[#This Row],[N° BC]],'Commandes Dechargees'!B:B,'Commandes Dechargees'!P:P),"EN ATTENTE DE DECHARGEMENT")
... C93: 46259 | D93: 0089-BC-SHEA/NAP-2026 | E93: FRS00029 | F93: =_xlfn.XLOOKUP(Table1[[#This Row],[Code Frs]],'CODE FRS'!B:B,'CODE FRS'!C:C) | G93: CA9598RB/AT3703RB | H93: 196403039 | I93: 50 | J93: EN ATTENTE | K93: =_xlfn.IFNA(_xlfn.XLOOKUP(Table1[[#This Row],[N° BC]],'Commandes Dechargees'!B:B,'Commandes Dechargees'!P:P),"EN ATTENTE DE DECHARGEMENT")
B94: SYLVAIN | C94: 46259 | D94: 0090-BC-SHEA/NAP-2026 | E94: FRS00023 | F94: =_xlfn.XLOOKUP(Table1[[#This Row],[Code Frs]],'CODE FRS'!B:B,'CODE FRS'!C:C) | G94: BZ4700RB/BD8405RB | H94: 195203681 | I94: 50 | J94: EN ATTENTE | K94: =_xlfn.IFNA(_xlfn.XLOOKUP(Table1[[#This Row],[N° BC]],'Commandes Dechargees'!B:B,'Commandes Dechargees'!P:P),"EN ATTENTE DE DECHARGEMENT")
C95: 46259 | D95: 0091-BC-SHEA/NAP-2026 | E95: FRS00021 | F95: =_xlfn.XLOOKUP(Table1[[#This Row],[Code Frs]],'CODE FRS'!B:B,'CODE FRS'!C:C) | G95: BP2914RB/T8377RB | H95: 147396206 | I95: 50 | J95: APROUVE | K95: =_xlfn.IFNA(_xlfn.XLOOKUP(Table1[[#This Row],[N° BC]],'Commandes Dechargees'!B:B,'Commandes Dechargees'!P:P),"EN ATTENTE DE DECHARGEMENT")
C96: 46259 | D96: 0092-BC-SHEA/NAP-2026 | E96: FRS00021 | F96: =_xlfn.XLOOKUP(Table1[[#This Row],[Code Frs]],'CODE FRS'!B:B,'CODE FRS'!C:C) | G96: CA6378RB/CA6373RB | H96: 164197050 | I96: 50 | J96: APROUVE | K96: =_xlfn.IFNA(_xlfn.XLOOKUP(Table1[[#This Row],[N° BC]],'Commandes Dechargees'!B:B,'Commandes Dechargees'!P:P),"EN ATTENTE DE DECHARGEMENT")
C97: 46259 | D97: 0093-BC-SHEA/NAP-2026 | E97: FRS00020 | F97: =_xlfn.XLOOKUP(Table1[[#This Row],[Code Frs]],'CODE FRS'!B:B,'CODE FRS'!C:C) | G97: CL6144RB/Cl6145RB | H97: 160964375 | I97: 50 | J97: APROUVE | K97: =_xlfn.IFNA(_xlfn.XLOOKUP(Table1[[#This Row],[N° BC]],'Commandes Dechargees'!B:B,'Commandes Dechargees'!P:P),"EN ATTENTE DE DECHARGEMENT")
C98: 46260 | D98: 0094-BC-SHEA/NAP-2026 | E98: FRS00030 | F98: =_xlfn.XLOOKUP(Table1[[#This Row],[Code Frs]],'CODE FRS'!B:B,'CODE FRS'!C:C) | G98: BY2242RB/AF9323RB | H98: 147361593 | I98: 50 | J98: EN ATTENTE | K98: =_xlfn.IFNA(_xlfn.XLOOKUP(Table1[[#This Row],[N° BC]],'Commandes Dechargees'!B:B,'Commandes Dechargees'!P:P),"EN ATTENTE DE DECHARGEMENT")
C99: 46260 | D99: 0095-BC-SHEA/NAP-2026 | E99: FRS00025 | F99: =_xlfn.XLOOKUP(Table1[[#This Row],[Code Frs]],'CODE FRS'!B:B,'CODE FRS'!C:C) | G99: BV4861RB/BV4862RB | H99: 140563191 | I99: 26 | J99: REJETE | K99: REJETE
C100: 46261 | D100: 0096-BC-SHEA/NAP-2026 | E100: FRS00032 | F100: =_xlfn.XLOOKUP(Table1[[#This Row],[Code Frs]],'CODE FRS'!B:B,'CODE FRS'!C:C) | G100: CC4841RB/AP2269RB | H100: 190375507 | I100: 50 | J100: APROUVE | K100: =_xlfn.IFNA(_xlfn.XLOOKUP(Table1[[#This Row],[N° BC]],'Commandes Dechargees'!B:B,'Commandes Dechargees'!P:P),"EN ATTENTE DE DECHARGEMENT")
C101: 46261 | D101: 0097-BC-SHEA/NAP-2026 | E101: FRS00033 | F101: =_xlfn.XLOOKUP(Table1[[#This Row],[Code Frs]],'CODE FRS'!B:B,'CODE FRS'!C:C) | G101: CD1342RB/BT1490RB | H101: 197077611 | I101: 50 | J101: EN ATTENTE | K101: =_xlfn.IFNA(_xlfn.XLOOKUP(Table1[[#This Row],[N° BC]],'Commandes Dechargees'!B:B,'Commandes Dechargees'!P:P),"EN ATTENTE DE DECHARGEMENT")
C102: 46261 | D102: 0098-BC-SHEA/NAP-2026 | E102: FRS00020 | F102: =_xlfn.XLOOKUP(Table1[[#This Row],[Code Frs]],'CODE FRS'!B:B,'CODE FRS'!C:C) | G102: BU4105RB/BS8146RB | H102: 141364776 | I102: 50 | J102: APROUVE | K102: =_xlfn.IFNA(_xlfn.XLOOKUP(Table1[[#This Row],[N° BC]],'Commandes Dechargees'!B:B,'Commandes Dechargees'!P:P),"EN ATTENTE DE DECHARGEMENT")
C103: 46261 | D103: 0099-BC-SHEA/NAP-2026 | E103: FRS00019 | F103: =_xlfn.XLOOKUP(Table1[[#This Row],[Code Frs]],'CODE FRS'!B:B,'CODE FRS'!C:C) | G103: CE6245RB/BT9604RB | H103: 140865057 | I103: 50 | J103: APROUVE | K103: =_xlfn.IFNA(_xlfn.XLOOKUP(Table1[[#This Row],[N° BC]],'Commandes Dechargees'!B:B,'Commandes Dechargees'!P:P),"EN ATTENTE DE DECHARGEMENT")
C104: 46261 | D104: 0100-BC-SHEA/NAP-2026 | E104: FRS00021 | F104: =_xlfn.XLOOKUP(Table1[[#This Row],[Code Frs]],'CODE FRS'!B:B,'CODE FRS'!C:C) | G104: CA4699RB/CA5733RB | H104: 143040567 | I104: 40 | J104: EN ATTENTE | K104: =_xlfn.IFNA(_xlfn.XLOOKUP(Table1[[#This Row],[N° BC]],'Commandes Dechargees'!B:B,'Commandes Dechargees'!P:P),"EN ATTENTE DE DECHARGEMENT")
C105: 46261 | D105: 0101-BC-SHEA/NAP-2026 | E105: FRS00001 | F105: =_xlfn.XLOOKUP(Table1[[#This Row],[Code Frs]],'CODE FRS'!B:B,'CODE FRS'!C:C) | G105: BV6373RB/AB3109RB | H105: 143935990 | I105: 40 | J105: APROUVE | K105: =_xlfn.IFNA(_xlfn.XLOOKUP(Table1[[#This Row],[N° BC]],'Commandes Dechargees'!B:B,'Commandes Dechargees'!P:P),"EN ATTENTE DE DECHARGEMENT")
C106: 46262 | D106: 0102-BC-SHEA/NAP-2026 | E106: FRS00022 | F106: =_xlfn.XLOOKUP(Table1[[#This Row],[Code Frs]],'CODE FRS'!B:B,'CODE FRS'!C:C) | G106: AN8637RB/AD0023RB | H106: 141644743 | I106: 45 | J106: EN ATTENTE | K106: =_xlfn.IFNA(_xlfn.XLOOKUP(Table1[[#This Row],[N° BC]],'Commandes Dechargees'!B:B,'Commandes Dechargees'!P:P),"EN ATTENTE DE DECHARGEMENT")
...

Sheet CODE FRS
A1: CODE FOURNISSEUR
B3: CODE | C3: NOM DU FOURNISSEUR | F3: Verdict Labo | G3: Statut Livraison
B4: FRS00001 | C4: TCHANIGA SAMSON | F4: APROUVE | G4: DECHARGE
B5: FRS00002 | C5: ISMAEL WASSIOU/ Mme ELISABETH | F5: REJETE | G5: REJETE
B6: FRS00003 | C6: BADAROU SAID | F6: EN ATTENTE | G6: EN ATTENTE DE DECHARGEMENT
B7: FRS00004 | C7: ISMAEL WASSIOU | F7: ANNULE | G7: ANNULE
B8: FRS00005 | C8: ALLASSANE MARWANE
B9: FRS00006 | C9: VLAVONOU PIERRE
B10: FRS00007 | C10: BRISSO BIO ALIDOU
B11: FRS00008 | C11: HERVE KOBOLOU
B12: FRS00009 | C12: GOUDO DOSSOU ROMAIN
B13: FRS00010 | C13: COMLAN MAHOUSSE JOSPIN
B14: FRS00011 | C14: CHIGBLO FERDINAND
B15: FRS00012 | C15: ROLAND ADANHONDJI
B16: FRS00013 | C16: MENSAH DANIEL JOEL
B17: FRS00014 | C17: FIOGBE
B18: FRS00015 | C18: GBAGBE MATHIAS
B19: FRS00016 | C19: AHEGNI CASIMIR
... B62: FRS00059 | C62: MR MOUSSA

Sheet Commandes Dechargees
A1: COMMANDES DECHARGEES & PAIEMENTS
H3: =SUBTOTAL(9,Table2[Poids Net (KG)]) | I3: =SUBTOTAL(9,Table2[Nb Sacs]) | J3: =AVERAGE(Table2[PU (FCFA/KG)]) | K3: =SUBTOTAL(9,Table2[Montant Du]) | L3: =SUBTOTAL(9,Table2[Montant Paye]) | M3: =SUBTOTAL(9,Table2[Solde Restant])
A4: Date Dechargement | B4: N° BC | C4: Transaction | D4: Code Frs | E4: Fournisseur | F4: N° Camion | G4: WEIGHMENT TICKET | H4: Poids Net (KG) | I4: Nb Sacs | J4: PU (FCFA/KG) | K4: Montant Du | L4: Montant Paye | M4: Solde Restant | N4: Statut Paiement | O4: Bon de paiement | P4: Statut Livraison | Q4: Lieu Stockage
A5: 46245 | B5: 0001-BC-SHEA/NAP-2026 | C5: 1004 | D5: FRS00001 | E5: =_xlfn.XLOOKUP(D5,'CODE FRS'!B:B,'CODE FRS'!C:C) | F5: CA7583RB/AP2290RB | G5: 34650 | H5: 47300 | I5: 452 | J5: 330 | K5: =H5*J5 | L5: =6000000+9609000 | M5: =K5-L5 | N5: {=_xlfn.IFNA(_xlfn.IFS(M5=0,"PAYE",K5=M5,"NON PAYE"),"PARTIEL")} | O5: CHQ-0129-2026 & CHQ-0138-2026 | P5: DECHARGE | Q5: GDIZ
A6: 46244 | B6: 0002-BC-SHEA/NAP-2026 | C6: 1003 | D6: FRS00002 | E6: =_xlfn.XLOOKUP(D6,'CODE FRS'!B:B,'CODE FRS'!C:C) | F6: BL6012RB/AS9458RB | G6: 34599 | H6: 49380 | I6: 467 | J6: 330 | K6: =H6*J6 | L6: 16295400 | M6: =K6-L6 | N6: {=_xlfn.IFNA(_xlfn.IFS(M6=0,"PAYE",K6=M6,"NON PAYE"),"PARTIEL")} | O6: CHQ-0133-2026 | P6: DECHARGE | Q6: GDIZ
A7: 46245 | B7: 0003-BC-SHEA/NAP-2026 | C7: 1001 | D7: FRS00001 | E7: =_xlfn.XLOOKUP(D7,'CODE FRS'!B:B,'CODE FRS'!C:C) | F7: BU4105RB/BS8146RB | G7: 34658 | H7: 50160 | I7: 490 | J7: 330 | K7: =H7*J7 | L7: 16552800 | M7: =K7-L7 | N7: {=_xlfn.IFNA(_xlfn.IFS(M7=0,"PAYE",K7=M7,"NON PAYE"),"PARTIEL")} | O7: CHQ-0131-2026 | P7: DECHARGE | Q7: GDIZ
A8: 46247 | B8: 0007-BC-SHEA/NAP-2026 | C8: 1002 | D8: FRS00002 | E8: =_xlfn.XLOOKUP(D8,'CODE FRS'!B:B,'CODE FRS'!C:C) | F8: CL7219RB/CH7144RB | G8: 34726 | H8: 49600 | I8: 508 | J8: 330 | K8: =H8*J8 | L8: 0 | M8: =K8-L8 | N8: {=_xlfn.IFNA(_xlfn.IFS(M8=0,"PAYE",K8=M8,"NON PAYE"),"PARTIEL")} | P8: DECHARGE | Q8: GDIZ
A9: 46248 | B9: 0005-BC-SHEA/NAP-2026 | C9: 1005 | D9: FRS00001 | E9: =_xlfn.XLOOKUP(D9,'CODE FRS'!B:B,'CODE FRS'!C:C) | F9: CD0085RB/AN4107RB | G9: 34768 | H9: 40720 | I9: 370 | J9: 320 | K9: =H9*J9 | L9: 13030400 | M9: =K9-L9 | N9: {=_xlfn.IFNA(_xlfn.IFS(M9=0,"PAYE",K9=M9,"NON PAYE"),"PARTIEL")} | O9: CHQ-0151-2026 | P9: DECHARGE | Q9: GDIZ
A10: 46248 | C10: 1006 | D10: FRS00021 | E10: =_xlfn.XLOOKUP(D10,'CODE FRS'!B:B,'CODE FRS'!C:C) | F10: CE1927RB/BC7835RB | G10: 34753 | H10: 47500 | I10: 448 | J10: 330 | K10: =H10*J10 | L10: =7000000+8675000 | M10: =K10-L10 | N10: {=_xlfn.IFNA(_xlfn.IFS(M10=0,"PAYE",K10=M10,"NON PAYE"),"PARTIEL")} | O10: CHQ-0139-2026 & CHQ-0146-2026 | P10: DECHARGE | Q10: GDIZ
A11: 46248 | B11: 0009-BC-SHEA/NAP-2026 | C11: 1007 | D11: FRS00002 | E11: =_xlfn.XLOOKUP(D11,'CODE FRS'!B:B,'CODE FRS'!C:C) | F11: CH7143RB/BU4686RB | G11: 34762 | H11: 50120 | I11: 490 | J11: 330 | K11: =H11*J11 | L11: 16539600 | M11: =K11-L11 | N11: {=_xlfn.IFNA(_xlfn.IFS(M11=0,"PAYE",K11=M11,"NON PAYE"),"PARTIEL")} | O11: CHQ-0133-2026 | P11: DECHARGE | Q11: GDIZ
A12: 46249 | B12: 0018-BC-SHEA/NAP-2026 | C12: 1008 | D12: FRS00006 | E12: =_xlfn.XLOOKUP(D12,'CODE FRS'!B:B,'CODE FRS'!C:C) | F12: CA0713RB/BH0362RB | G12: 34786 | H12: 39240 | I12: 367 | J12: 330 | K12: =H12*J12 | L12: 12949200 | M12: =K12-L12 | N12: {=_xlfn.IFNA(_xlfn.IFS(M12=0,"PAYE",K12=M12,"NON PAYE"),"PARTIEL")} | O12: CHQ-0136-2026 | P12: DECHARGE | Q12: GDIZ
A13: 46251 | B13: 0021-BC-SHEA/NAP-2026 | C13: 1009 | D13: FRS00001 | E13: =_xlfn.XLOOKUP(D13,'CODE FRS'!B:B,'CODE FRS'!C:C) | F13: CB6228RB/CC4818RB | G13: 34820 | H13: 49640 | I13: 467 | J13: 330 | K13: =H13*J13 | L13: 16381200 | M13: =K13-L13 | N13: {=_xlfn.IFNA(_xlfn.IFS(M13=0,"PAYE",K13=M13,"NON PAYE"),"PARTIEL")} | O13: CHQ-0138-2026 | P13: DECHARGE | Q13: GDIZ
A14: 46251 | B14: 0026-BC-SHEA/NAP-2026 | C14: 1010 | D14: FRS00001 | E14: =_xlfn.XLOOKUP(D14,'CODE FRS'!B:B,'CODE FRS'!C:C) | F14: CG9072RB/CC4676RB | G14: 34823 | H14: 30320 | I14: 292 | J14: 330 | K14: =H14*J14 | L14: =8000000+2005600 | M14: =K14-L14 | N14: {=_xlfn.IFNA(_xlfn.IFS(M14=0,"PAYE",K14=M14,"NON PAYE"),"PARTIEL")} | O14: CHQ-0151-2026 | P14: DECHARGE | Q14: GDIZ
A15: 46251 | B15: 0011-BC-SHEA/NAP-2026 | C15: 1011 | D15: FRS00002 | E15: =_xlfn.XLOOKUP(D15,'CODE FRS'!B:B,'CODE FRS'!C:C) | F15: BZ6773RB/AN0814RB | G15: 34816 | H15: 47140 | I15: 495 | J15: 330 | K15: =H15*J15 | L15: 0 | M15: =K15-L15 | N15: {=_xlfn.IFNA(_xlfn.IFS(M15=0,"PAYE",K15=M15,"NON PAYE"),"PARTIEL")} | P15: DECHARGE | Q15: GDIZ
A16: 46251 | B16: 0015-BC-SHEA/NAP-2026 | C16: 1012 | D16: FRS00005 | E16: =_xlfn.XLOOKUP(D16,'CODE FRS'!B:B,'CODE FRS'!C:C) | F16: AZ4227RB/AE4983RB | G16: 34817 | H16: 46060 | I16: 470 | J16: 330 | K16: =H16*J16 | L16: 15199800 | M16: =K16-L16 | N16: {=_xlfn.IFNA(_xlfn.IFS(M16=0,"PAYE",K16=M16,"NON PAYE"),"PARTIEL")} | O16: CHQ-0158-2026 | P16: DECHARGE | Q16: GDIZ
A17: 46252 | B17: 0048-BC-SHEA/NAP-2026 | C17: 1013 | D17: FRS00001 | E17: =_xlfn.XLOOKUP(D17,'CODE FRS'!B:B,'CODE FRS'!C:C) | F17: CE6019RB/CE6020RB | G17: 34861 | H17: 47340 | I17: 442 | J17: 330 | K17: =H17*J17 | L17: 15622200 | M17: =K17-L17 | N17: {=_xlfn.IFNA(_xlfn.IFS(M17=0,"PAYE",K17=M17,"NON PAYE"),"PARTIEL")} | O17: CHQ-0144-2026 | P17: DECHARGE | Q17: GDIZ
A18: 46252 | C18: 1014 | D18: FRS00006 | E18: =_xlfn.XLOOKUP(D18,'CODE FRS'!B:B,'CODE FRS'!C:C) | F18: CB5092RB/AG6029RB | G18: 34848 | H18: 43820 | I18: 408 | J18: 330 | K18: =H18*J18 | L18: 14460600 | M18: =K18-L18 | N18: {=_xlfn.IFNA(_xlfn.IFS(M18=0,"PAYE",K18=M18,"NON PAYE"),"PARTIEL")} | O18: CHQ-0147-2026 | P18: DECHARGE | Q18: GDIZ
A19: 46252 | B19: 0017-BC-SHEA/NAP-2026 | C19: 1015 | D19: FRS00006 | E19: =_xlfn.XLOOKUP(D19,'CODE FRS'!B:B,'CODE FRS'!C:C) | F19: BN9320RB/BC1254RB | G19: 34849 | H19: 40020 | I19: 392 | J19: 330 | K19: =H19*J19 | L19: 13206600 | M19: =K19-L19 | N19: {=_xlfn.IFNA(_xlfn.IFS(M19=0,"PAYE",K19=M19,"NON PAYE"),"PARTIEL")} | O19: CHQ-0152-2026 | P19: DECHARGE | Q19: GDIZ
A20: 46252 | C20: 1016 | D20: FRS00006 | E20: =_xlfn.XLOOKUP(D20,'CODE FRS'!B:B,'CODE FRS'!C:C) | F20: CC8393RB/CC8391RB | G20: 34847 | H20: 45460 | I20: 436 | J20: 330 | K20: =H20*J20 | L20: 15001800 | M20: =K20-L20 | N20: {=_xlfn.IFNA(_xlfn.IFS(M20=0,"PAYE",K20=M20,"NON PAYE"),"PARTIEL")} | O20: CHQ-0145-2026 | P20: DECHARGE | Q20: GDIZ
A21: 46253 | B21: 0039-BC-SHEA/NAP-2026 | C21: 1017 | D21: FRS00017 | E21: =_xlfn.XLOOKUP(D21,'CODE FRS'!B:B,'CODE FRS'!C:C) | F21: CB2032RB/CB1943RB | G21: 34870 | H21: 31360 | I21: 290 | J21: 332 | K21: =H21*J21 | L21: 10411520 | M21: =K21-L21 | N21: {=_xlfn.IFNA(_xlfn.IFS(M21=0,"PAYE",K21=M21,"NON PAYE"),"PARTIEL")} | O21: CHQ-0149-2026 | P21: DECHARGE | Q21: GDIZ
A22: 46253 | C22: 1018 | D22: FRS00024 | E22: =_xlfn.XLOOKUP(D22,'CODE FRS'!B:B,'CODE FRS'!C:C) | F22: CG9846RB/CG9873RB | G22: 34868 | H22: 31960 | I22: 332 | J22: 330 | K22: =H22*J22 | L22: 10546800 | M22: =K22-L22 | N22: {=_xlfn.IFNA(_xlfn.IFS(M22=0,"PAYE",K22=M22,"NON PAYE"),"PARTIEL")} | O22: CHQ-0150-2026 | P22: DECHARGE | Q22: GDIZ
A23: 46254 | B23: 0041-BC-SHEA/NAP-2026 | C23: 1019 | D23: FRS00003 | E23: =_xlfn.XLOOKUP(D23,'CODE FRS'!B:B,'CODE FRS'!C:C) | F23: BP4509RB/AV2192RB | G23: 34908 | H23: 48600 | I23: 461 | J23: 340 | K23: =H23*J23 | L23: 16524000 | M23: =K23-L23 | N23: {=_xlfn.IFNA(_xlfn.IFS(M23=0,"PAYE",K23=M23,"NON PAYE"),"PARTIEL")} | O23: CHQ-0156-2026 | P23: DECHARGE | Q23: GDIZ
A24: 46254 | B24: 0043-BC-SHEA/NAP-2026 | C24: 1020 | D24: FRS00003 | E24: =_xlfn.XLOOKUP(D24,'CODE FRS'!B:B,'CODE FRS'!C:C) | F24: BY1669RB/BY1665RB | G24: 34928 | H24: 44560 | I24: 430 | J24: 335 | K24: =H24*J24 | L24: 14927600 | M24: =K24-L24 | N24: {=_xlfn.IFNA(_xlfn.IFS(M24=0,"PAYE",K24=M24,"NON PAYE"),"PARTIEL")} | O24: CHQ-0156-2026 | P24: DECHARGE | Q24: GDIZ
A25: 46254 | B25: 0022-BC-SHEA/NAP-2026 | C25: 1021 | D25: FRS00009 | E25: =_xlfn.XLOOKUP(D25,'CODE FRS'!B:B,'CODE FRS'!C:C) | F25: BB9793RB/BD3472RB | G25: 34913 | H25: 34980 | I25: 405 | J25: 330 | K25: =H25*J25 | L25: =200000+11343400 | M25: =K25-L25 | N25: {=_xlfn.IFNA(_xlfn.IFS(M25=0,"PAYE",K25=M25,"NON PAYE"),"PARTIEL")} | O25: CC-0071-2026 & CHQ-0153-2026 | P25: DECHARGE | Q25: GDIZ
A26: 46255 | B26: 0045-BC-SHEA/NAP-2026 | C26: 1022 | D26: FRS00011 | E26: =_xlfn.XLOOKUP(D26,'CODE FRS'!B:B,'CODE FRS'!C:C) | F26: CL0201RB/CJ8154RB | G26: 34972 | H26: 45400 | I26: 420 | J26: 330 | K26: =H26*J26 | L26: 14982000 | M26: =K26-L26 | N26: {=_xlfn.IFNA(_xlfn.IFS(M26=0,"PAYE",K26=M26,"NON PAYE"),"PARTIEL")} | O26: CHQ-0160-2026 | P26: DECHARGE | Q26: GDIZ
A27: 46255 | B27: 0049-BC-SHEA/NAP-2026 | C27: 1023 | D27: FRS00004 | E27: =_xlfn.XLOOKUP(D27,'CODE FRS'!B:B,'CODE FRS'!C:C) | F27: CB6790RB/BT1547RB | G27: 34964 | H27: 46160 | I27: 484 | J27: 330 | K27: =H27*J27 | L27: 15232800 | M27: =K27-L27 | N27: {=_xlfn.IFNA(_xlfn.IFS(M27=0,"PAYE",K27=M27,"NON PAYE"),"PARTIEL")} | O27: CHQ-0201-2026 | P27: DECHARGE | Q27: GDIZ
A28: 46255 | B28: 0033-BC-SHEA/NAP-2026 | C28: 1024 | D28: FRS00016 | E28: =_xlfn.XLOOKUP(D28,'CODE FRS'!B:B,'CODE FRS'!C:C) | F28: AP7150RB/AL0466RB | G28: 34989 | H28: 33980 | I28: 336 | J28: 340 | K28: =H28*J28 | L28: =5000000+6553200 | M28: =K28-L28 | N28: {=_xlfn.IFNA(_xlfn.IFS(M28=0,"PAYE",K28=M28,"NON PAYE"),"PARTIEL")} | O28: CC-0075-2026 & CHQ-0159-2026 | P28: DECHARGE | Q28: GDIZ
A29: 46256 | B29: 0051-BC-SHEA/NAP-2026 | C29: 1025 | D29: FRS00001 | E29: =_xlfn.XLOOKUP(D29,'CODE FRS'!B:B,'CODE FRS'!C:C) | F29: BY5570RB/BH1863RB | G29: 34995 | H29: 44400 | I29: 420 | J29: 335 | K29: =H29*J29 | L29: 14874000 | M29: =K29-L29 | N29: {=_xlfn.IFNA(_xlfn.IFS(M29=0,"PAYE",K29=M29,"NON PAYE"),"PARTIEL")} | O29: CHQ-0165-2026 | P29: DECHARGE | Q29: GDIZ
A30: 46256 | B30: 0052-BC-SHEA/NAP-2026 | C30: 1026 | D30: FRS00019 | E30: =_xlfn.XLOOKUP(D30,'CODE FRS'!B:B,'CODE FRS'!C:C) | F30: BY6831RB/BC1375RB | G30: 34996 | H30: 49360 | I30: 460 | J30: 330 | K30: =H30*J30 | L30: 16288800 | M30: =K30-L30 | N30: {=_xlfn.IFNA(_xlfn.IFS(M30=0,"PAYE",K30=M30,"NON PAYE"),"PARTIEL")} | O30: CHQ-0176-2026 | P30: DECHARGE | Q30: GDIZ
A31: 46258 | B31: 0058-BC-SHEA/NAP-2026 | C31: 1027 | D31: FRS00021 | E31: =_xlfn.XLOOKUP(D31,'CODE FRS'!B:B,'CODE FRS'!C:C) | F31: CH2008RB/BA5975RB | G31: 35009 | H31: 44520 | I31: 437 | J31: 330 | K31: =H31*J31 | L31: 14691600 | M31: =K31-L31 | N31: {=_xlfn.IFNA(_xlfn.IFS(M31=0,"PAYE",K31=M31,"NON PAYE"),"PARTIEL")} | O31: CHQ-0173-2026 | P31: DECHARGE | Q31: GDIZ
A32: 46258 | B32: 0032-BC-SHEA/NAP-2026 | C32: 1028 | D32: FRS00015 | E32: =_xlfn.XLOOKUP(D32,'CODE FRS'!B:B,'CODE FRS'!C:C) | F32: AY3969RB/AD0138RB | G32: 35014 | H32: 39620 | I32: 454 | J32: 335 | K32: =H32*J32 | L32: =9000000+4272700 | M32: =K32-L32 | N32: {=_xlfn.IFNA(_xlfn.IFS(M32=0,"PAYE",K32=M32,"NON PAYE"),"PARTIEL")} | O32: CHQ-0162-2026 & CHQ-0168-2026 | P32: DECHARGE | Q32: GDIZ
A33: 46258 | B33: 0063-BC-SHEA/NAP-2026 | C33: 1029 | D33: FRS00022 | E33: =_xlfn.XLOOKUP(D33,'CODE FRS'!B:B,'CODE FRS'!C:C) | F33: BP5945RB/BY8609RB | G33: 35033 | H33: 33740 | I33: 301 | J33: 335 | K33: =H33*J33 | L33: 11302900 | M33: =K33-L33 | N33: {=_xlfn.IFNA(_xlfn.IFS(M33=0,"PAYE",K33=M33,"NON PAYE"),"PARTIEL")} | O33: CHQ-0175-2026 | P33: DECHARGE | Q33: GDIZ
A34: 46258 | B34: 0070-BC-SHEA/NAP-2026 | C34: 1030 | D34: FRS00016 | E34: =_xlfn.XLOOKUP(D34,'CODE FRS'!B:B,'CODE FRS'!C:C) | F34: CA5858RB/AC1719RB | G34: 35036 | H34: 46920 | I34: 479 | J34: 340 | K34: =H34*J34 | L34: 15952800 | M34: =K34-L34 | N34: {=_xlfn.IFNA(_xlfn.IFS(M34=0,"PAYE",K34=M34,"NON PAYE"),"PARTIEL")} | O34: CC-0075-2026 & CHQ-0159-2026 | P34: DECHARGE | Q34: GDIZ
A35: 46259 | C35: 1031 | D35: FRS00031 | E35: =_xlfn.XLOOKUP(D35,'CODE FRS'!B:B,'CODE FRS'!C:C) | F35: BX1108RB/BX1109RB | G35: 35101 | H35: 42160 | I35: 419 | J35: 330 | K35: =H35*J35 | L35: =10000000+3912800 | M35: =K35-L35 | N35: {=_xlfn.IFNA(_xlfn.IFS(M35=0,"PAYE",K35=M35,"NON PAYE"),"PARTIEL")} | O35: CHQ-0174-2026 & CHQ-0189-2026 | P35: DECHARGE | Q35: GDIZ
A36: 46259 | B36: 0064-BC-SHEA/NAP-2026 | C36: 1032 | D36: FRS00006 | E36: =_xlfn.XLOOKUP(D36,'CODE FRS'!B:B,'CODE FRS'!C:C) | F36: CL2204RB/BU2541RB | G36: 35083 | H36: 50320 | I36: 490 | J36: 335 | K36: =H36*J36 | L36: =1000000+5000000+10757200 | M36: =K36-L36 | N36: {=_xlfn.IFNA(_xlfn.IFS(M36=0,"PAYE",K36=M36,"NON PAYE"),"PARTIEL")} | O36: CC-0083-2026 & CC-0094-2026 & CHQ-0190-2026 | P36: DECHARGE | Q36: GDIZ
A37: 46259 | B37: 0027-BC-SHEA/NAP-2026 | C37: 1033 | D37: FRS00013 | E37: =_xlfn.XLOOKUP(D37,'CODE FRS'!B:B,'CODE FRS'!C:C) | F37: BA0693RB/BG9156RB | G37: 35063 | H37: 45300 | I37: 532 | J37: 335 | K37: =H37*J37 | L37: =100000+9000000+6075500 | M37: =K37-L37 | N37: {=_xlfn.IFNA(_xlfn.IFS(M37=0,"PAYE",K37=M37,"NON PAYE"),"PARTIEL")} | O37: CC-0074-2026 & CHQ-0163-2026 & CHQ-0171-2026 | P37: DECHARGE | Q37: GDIZ
A38: 46259 | B38: 0046-BC-SHEA/NAP-2026 | C38: 1034 | D38: FRS00003 | E38: =_xlfn.XLOOKUP(D38,'CODE FRS'!B:B,'CODE FRS'!C:C) | F38: BU0599RB/BC5874RB | G38: 35085 | H38: 20900 | I38: 220 | J38: 345 | K38: =H38*J38 | L38: =5000000+2210500 | M38: =K38-L38 | N38: {=_xlfn.IFNA(_xlfn.IFS(M38=0,"PAYE",K38=M38,"NON PAYE"),"PARTIEL")} | O38: CHQ-0184-2026 & CHQ-0214-2026 | P38: DECHARGE | Q38: GDIZ
A39: 46259 | B39: 0076-BC-SHEA/NAP-2026 | C39: 1035 | D39: FRS00001 | E39: =_xlfn.XLOOKUP(D39,'CODE FRS'!B:B,'CODE FRS'!C:C) | F39: CG4463RB/CE6958RB | G39: 35074 | H39: 42380 | I39: 460 | J39: 335 | K39: =H39*J39 | L39: 14197300 | M39: =K39-L39 | N39: {=_xlfn.IFNA(_xlfn.IFS(M39=0,"PAYE",K39=M39,"NON PAYE"),"PARTIEL")} | O39: CHQ-0167-2026 | P39: DECHARGE | Q39: GDIZ
A40: 46259 | C40: 1036 | D40: FRS00009 | E40: =_xlfn.XLOOKUP(D40,'CODE FRS'!B:B,'CODE FRS'!C:C) | F40: BB9793RB/BD3472RB | G40: 35127 | H40: 2700 | I40: 22 | J40: 330 | K40: =H40*J40 | L40: 891000 | M40: =K40-L40 | N40: {=_xlfn.IFNA(_xlfn.IFS(M40=0,"PAYE",K40=M40,"NON PAYE"),"PARTIEL")} | O40: CHQ-0169-2026 | P40: DECHARGE | Q40: GDIZ
A41: 46259 | B41: 0078-BC-SHEA/NAP-2026 | C41: 1037 | D41: FRS00009 | E41: =_xlfn.XLOOKUP(D41,'CODE FRS'!B:B,'CODE FRS'!C:C) | F41: BD4987RB/BE6187RB | G41: 35124 | H41: 51320 | I41: 475 | J41: 330 | K41: =H41*J41 | L41: =13422400+2900000 | M41: =K41-L41 | N41: {=_xlfn.IFNA(_xlfn.IFS(M41=0,"PAYE",K41=M41,"NON PAYE"),"PARTIEL")} | O41: CHQ-0169-2026 & CHQ-0188-2026 | P41: DECHARGE | Q41: GDIZ
A42: 46260 | B42: 0075-BC-SHEA/NAP-2026 | C42: 1038 | D42: FRS00003 | E42: =_xlfn.XLOOKUP(D42,'CODE FRS'!B:B,'CODE FRS'!C:C) | F42: AX8757RB/AJ9269RB | G42: 35157 | H42: 45500 | I42: 485 | J42: 345 | K42: =H42*J42 | L42: =10000000+5697500 | M42: =K42-L42 | N42: {=_xlfn.IFNA(_xlfn.IFS(M42=0,"PAYE",K42=M42,"NON PAYE"),"PARTIEL")} | O42: CHQ-0192-2026 & CHQ-0214-2026 | P42: DECHARGE | Q42: GDIZ
A43: 46260 | B43: 0069-BC-SHEA/NAP-2026 | C43: 1039 | D43: FRS00016 | E43: =_xlfn.XLOOKUP(D43,'CODE FRS'!B:B,'CODE FRS'!C:C) | F43: CA7583RB/AP2290RB | G43: 35182 | H43: 47940 | I43: 475 | J43: 340 | K43: =H43*J43 | L43: 16299600 | M43: =K43-L43 | N43: {=_xlfn.IFNA(_xlfn.IFS(M43=0,"PAYE",K43=M43,"NON PAYE"),"PARTIEL")} | O43: CHQ-0172-2026 | P43: DECHARGE | Q43: GDIZ
A44: 46260 | B44: 0065-BC-SHEA/NAP-2026 | C44: 1040 | D44: FRS00016 | E44: =_xlfn.XLOOKUP(D44,'CODE FRS'!B:B,'CODE FRS'!C:C) | F44: CK5227RB/CK6157RB | G44: 35180 | H44: 49020 | I44: 502 | J44: 340 | K44: =H44*J44 | L44: 16666800 | M44: =K44-L44 | N44: {=_xlfn.IFNA(_xlfn.IFS(M44=0,"PAYE",K44=M44,"NON PAYE"),"PARTIEL")} | O44: CHQ-0200-2026 | P44: DECHARGE | Q44: GDIZ
A45: 46260 | C45: 1041 | D45: FRS00008 | E45: =_xlfn.XLOOKUP(D45,'CODE FRS'!B:B,'CODE FRS'!C:C) | F45: BL6012RB/AS9458RB | G45: 35137 | H45: 49400 | I45: 468 | J45: 330 | K45: =H45*J45 | L45: =10000000+6202000 | M45: =K45-L45 | N45: {=_xlfn.IFNA(_xlfn.IFS(M45=0,"PAYE",K45=M45,"NON PAYE"),"PARTIEL")} | O45: CHQ-0177-2026 & CHQ-0187-2026 | P45: DECHARGE | Q45: GDIZ
A46: 46261 | B46: 0083-BC-SHEA/NAP-2026 | C46: 1042 | D46: FRS00020 | E46: =_xlfn.XLOOKUP(D46,'CODE FRS'!B:B,'CODE FRS'!C:C) | F46: CF1589RB/BS9736RB | G46: 35194 | H46: 50060 | I46: 512 | J46: 335 | K46: =H46*J46 | M46: =K46-L46 | N46: {=_xlfn.IFNA(_xlfn.IFS(M46=0,"PAYE",K46=M46,"NON PAYE"),"PARTIEL")} | O46: CHQ-0170-2026 &CHQ-0186-2026 | P46: DECHARGE | Q46: GDIZ
A47: 46261 | B47: 0062-BC-SHEA/NAP-2026 | C47: 1043 | D47: FRS00001 | E47: =_xlfn.XLOOKUP(D47,'CODE FRS'!B:B,'CODE FRS'!C:C) | F47: BS9163RB/CD2740RB | G47: 35243 | H47: 45620 | I47: 450 | J47: 335 | K47: =H47*J47 | L47: 15282700 | M47: =K47-L47 | N47: {=_xlfn.IFNA(_xlfn.IFS(M47=0,"PAYE",K47=M47,"NON PAYE"),"PARTIEL")} | O47: CC-0095-2026 | P47: DECHARGE | Q47: GDIZ
A48: 46262 | B48: 0082-BC-SHEA/NAP-2026 | C48: 1044 | D48: FRS00025 | E48: =_xlfn.XLOOKUP(D48,'CODE FRS'!B:B,'CODE FRS'!C:C) | F48: BP6016RB/BB1424RB | G48: 35276 | H48: 43340 | I48: 401 | J48: 330 | K48: =H48*J48 | L48: 14302200 | M48: =K48-L48 | N48: {=_xlfn.IFNA(_xlfn.IFS(M48=0,"PAYE",K48=M48,"NON PAYE"),"PARTIEL")} | O48: CHQ-0199-2026 | P48: DECHARGE | Q48: GDIZ
A49: 46262 | B49: 0080-BC-SHEA/NAP-2026 | C49: 1045 | D49: FRS00001 | E49: =_xlfn.XLOOKUP(D49,'CODE FRS'!B:B,'CODE FRS'!C:C) | F49: BE0559RB/BD8562RB | G49: 35271 | H49: 43680 | I49: 448 | J49: 335 | K49: =H49*J49 | L49: 14632800 | M49: =K49-L49 | N49: {=_xlfn.IFNA(_xlfn.IFS(M49=0,"PAYE",K49=M49,"NON PAYE"),"PARTIEL")} | O49: CHQ-0193-2026 | P49: DECHARGE | Q49: GDIZ
A50: 46262 | B50: 0086-BC-SHEA/NAP-2026 | C50: 1046 | D50: FRS00016 | E50: =_xlfn.XLOOKUP(D50,'CODE FRS'!B:B,'CODE FRS'!C:C) | F50: CC9207RB/CG3619RB | G50: 35291 | H50: 34280 | I50: 360 | J50: 340 | K50: =H50*J50 | L50: 11655200 | M50: =K50-L50 | N50: {=_xlfn.IFNA(_xlfn.IFS(M50=0,"PAYE",K50=M50,"NON PAYE"),"PARTIEL")} | O50: CC-0098-2026 | P50: DECHARGE | Q50: GDIZ
A51: 46262 | B51: 0092-BC-SHEA/NAP-2026 | C51: 1047 | D51: FRS00021 | E51: =_xlfn.XLOOKUP(D51,'CODE FRS'!B:B,'CODE FRS'!C:C) | F51: CA6378RB/CA6379RB | G51: 35275 | H51: 47860 | I51: 470 | J51: 330 | K51: =H51*J51 | L51: =13000000+2793800 | M51: =K51-L51 | N51: {=_xlfn.IFNA(_xlfn.IFS(M51=0,"PAYE",K51=M51,"NON PAYE"),"PARTIEL")} | O51: CHQ-0195-2026 & CHQ-0207-2026 | P51: DECHARGE | Q51: GDIZ
A52: 46263 | B52: 0093-BC-SHEA/NAP-2026 | C52: 1048 | D52: FRS00020 | E52: =_xlfn.XLOOKUP(D52,'CODE FRS'!B:B,'CODE FRS'!C:C) | F52: CL6144RB/CL6145RB | G52: 35297 | H52: 50080 | I52: 470 | J52: 335 | K52: =H52*J52 | L52: =15776800+1000000 | M52: =K52-L52 | N52: {=_xlfn.IFNA(_xlfn.IFS(M52=0,"PAYE",K52=M52,"NON PAYE"),"PARTIEL")} | O52: CHQ-0194-2026 & CHQ-0209-2026 | P52: DECHARGE | Q52: GDIZ
A53: 46265 | C53: 1049 | D53: FRS00010 | E53: =_xlfn.XLOOKUP(D53,'CODE FRS'!B:B,'CODE FRS'!C:C) | F53: CE9160RB/AL1655RB | G53: 35382 | H53: 46460 | I53: 500 | J53: 330 | K53: =H53*J53 | L53: 15331800 | M53: =K53-L53 | N53: {=_xlfn.IFNA(_xlfn.IFS(M53=0,"PAYE",K53=M53,"NON PAYE"),"PARTIEL")} | O53: CHQ-0197-2026 | P53: DECHARGE | Q53: GDIZ
A54: 46265 | B54: 0042-BC-SHEA/NAP-2026 | C54: 1050 | D54: FRS00003 | E54: =_xlfn.XLOOKUP(D54,'CODE FRS'!B:B,'CODE FRS'!C:C) | F54: AT8153RB/BN3081RB | G54: 35408 | H54: 26800 | I54: 300 | J54: 340 | K54: =H54*J54 | L54: 9112000 | M54: =K54-L54 | N54: {=_xlfn.IFNA(_xlfn.IFS(M54=0,"PAYE",K54=M54,"NON PAYE"),"PARTIEL")} | O54: CC-0099-2026 | P54: DECHARGE | Q54: GDIZ
A55: 46265 | B55: 0099-BC-SHEA/NAP-2026 | C55: 1051 | D55: FRS00019 | E55: =_xlfn.XLOOKUP(D55,'CODE FRS'!B:B,'CODE FRS'!C:C) | F55: CE6245RB/BT9604RB | G55: 35332 | H55: 49280 | I55: 516 | J55: 330 | K55: =H55*J55 | L55: 16262400 | M55: =K55-L55 | N55: {=_xlfn.IFNA(_xlfn.IFS(M55=0,"PAYE",K55=M55,"NON PAYE"),"PARTIEL")} | O55: CHQ-0196-2026 | P55: DECHARGE | Q55: GDIZ
A56: 46266 | B56: 0104-BC-SHEA/NAP-2026 | C56: 1052 | D56: FRS00032 | E56: =_xlfn.XLOOKUP(D56,'CODE FRS'!B:B,'CODE FRS'!C:C) | F56: CF0609RB/CF0565RB | G56: 35412 | H56: 48820 | I56: 541 | J56: 340 | K56: =H56*J56 | L56: 16598800 | M56: =K56-L56 | N56: {=_xlfn.IFNA(_xlfn.IFS(M56=0,"PAYE",K56=M56,"NON PAYE"),"PARTIEL")} | O56: CHQ-0198-2026 | P56: DECHARGE | Q56: GDIZ
A57: 46266 | B57: 0098-BC-SHEA/NAP-2026 | C57: 1053 | D57: FRS00020 | E57: =_xlfn.XLOOKUP(D57,'CODE FRS'!B:B,'CODE FRS'!C:C) | F57: BU4105RB/BS8146RB | G57: 35422 | H57: 45100 | I57: 438 | J57: 335 | K57: =H57*J57 | L57: 15108500 | M57: =K57-L57 | N57: {=_xlfn.IFNA(_xlfn.IFS(M57=0,"PAYE",K57=M57,"NON PAYE"),"PARTIEL")} | O57: CHQ-0209-2026 | P57: DECHARGE | Q57: GDIZ
A58: 46266 | B58: 0101-BC-SHEA/NAP-2026 | C58: 1054 | D58: FRS00001 | E58: =_xlfn.XLOOKUP(D58,'CODE FRS'!B:B,'CODE FRS'!C:C) | F58: BV6373RB/AB3109RB | G58: 35453 | H58: 40020 | I58: 417 | J58: 335 | K58: =H58*J58 | L58: 13406700 | M58: =K58-L58 | N58: {=_xlfn.IFNA(_xlfn.IFS(M58=0,"PAYE",K58=M58,"NON PAYE"),"PARTIEL")} | O58: CHQ-0205-2026 | P58: DECHARGE | Q58: GDIZ
A59: 46266 | B59: 0096-BC-SHEA/NAP-2026 | C59: 1055 | D59: FRS00032 | E59: =_xlfn.XLOOKUP(D59,'CODE FRS'!B:B,'CODE FRS'!C:C) | F59: CC4841RB/AP2269RB | G59: 35411 | H59: 47680 | I59: 512 | J59: 340 | K59: =H59*J59 | L59: 16211200 | M59: =K59-L59 | N59: {=_xlfn.IFNA(_xlfn.IFS(M59=0,"PAYE",K59=M59,"NON PAYE"),"PARTIEL")} | O59: CHQ-0212-2026 | P59: DECHARGE | Q59: GDIZ
A60: 46266 | B60: 0059-BC-SHEA/NAP-2026 | C60: 1056 | D60: FRS00016 | E60: =_xlfn.XLOOKUP(D60,'CODE FRS'!B:B,'CODE FRS'!C:C) | F60: BU6129RB/BU5781RB | G60: 35423 | H60: 48220 | I60: 480 | J60: 340 | K60: =H60*J60 | L60: 16394800 | M60: =K60-L60 | N60: {=_xlfn.IFNA(_xlfn.IFS(M60=0,"PAYE",K60=M60,"NON PAYE"),"PARTIEL")} | O60: CHQ-0210-2026 | P60: DECHARGE | Q60: GDIZ
A61: 46267 | B61: 0107-BC-SHEA/NAP-2026 | C61: 1057 | D61: FRS00016 | E61: =_xlfn.XLOOKUP(D61,'CODE FRS'!B:B,'CODE FRS'!C:C) | F61: BR1679RB/AZ2904RB | G61: 35476 | H61: 48300 | I61: 516 | J61: 340 | K61: =H61*J61 | L61: 16422000 | M61: =K61-L61 | N61: {=_xlfn.IFNA(_xlfn.IFS(M61=0,"PAYE",K61=M61,"NON PAYE"),"PARTIEL")} | O61: CHQ-0210-2026 | P61: DECHARGE | Q61: GDIZ
A62: 46268 | B62: 0060-BC-SHEA/NAP-2026 | C62: 1058 | D62: FRS00016 | E62: =_xlfn.XLOOKUP(D62,'CODE FRS'!B:B,'CODE FRS'!C:C) | F62: BR5745RB/AX3586RB | G62: 35516 | H62: 32320 | I62: 346 | J62: 340 | K62: 10988800 | L62: 10988800 | M62: =K62-L62 | N62: {=_xlfn.IFNA(_xlfn.IFS(M62=0,"PAYE",K62=M62,"NON PAYE"),"PARTIEL")} | O62: CHQ-0232-2026 | P62: DECHARGE | Q62: GDIZ
A63: 46268 | C63: 1059 | D63: FRS00024 | E63: =_xlfn.XLOOKUP(D63,'CODE FRS'!B:B,'CODE FRS'!C:C) | F63: BL8976RB/AP2371RB | G63: 35514 | H63: 33820 | I63: 375 | J63: 330 | K63: =H63*J63 | L63: 11160600 | M63: =K63-L63 | N63: {=_xlfn.IFNA(_xlfn.IFS(M63=0,"PAYE",K63=M63,"NON PAYE"),"PARTIEL")} | O63: CHQ-0208-2026 | P63: DECHARGE | Q63: GDIZ
A64: 46268 | B64: 0117-BC-SHEA/NAP-2026 | C64: 1060 | D64: FRS00004 | E64: =_xlfn.XLOOKUP(D64,'CODE FRS'!B:B,'CODE FRS'!C:C) | F64: CC4207RB/CD6286RB | G64: 35517 | H64: 49280 | I64: 497 | J64: 340 | K64: =H64*J64 | L64: 16755200 | M64: =K64-L64 | N64: {=_xlfn.IFNA(_xlfn.IFS(M64=0,"PAYE",K64=M64,"NON PAYE"),"PARTIEL")} | O64: CHQ-0219-2026 | P64: DECHARGE | Q64: GDIZ
A65: 46268 | B65: 0127-BC-SHEA/NAP-2026 | C65: 1061 | D65: FRS00001 | E65: =_xlfn.XLOOKUP(D65,'CODE FRS'!B:B,'CODE FRS'!C:C) | F65: CD5503RB/BP1368RB | G65: 35518 | H65: 25780 | I65: 247 | J65: 335 | K65: =H65*J65 | L65: =5000000+1500000+2136300 | M65: =K65-L65 | N65: {=_xlfn.IFNA(_xlfn.IFS(M65=0,"PAYE",K65=M65,"NON PAYE"),"PARTIEL")} | O65: CHQ-0221-2026 & CC-0106-2026 & CHQ-0231-2026 | P65: DECHARGE | Q65: GDIZ
A66: 46269 | C66: 1062 | D66: FRS00031 | E66: =_xlfn.XLOOKUP(D66,'CODE FRS'!B:B,'CODE FRS'!C:C) | F66: BY5716RB/BY3843RB | G66: 35525 | H66: 46000 | I66: 450 | J66: 330 | K66: =H66*J66 | L66: 15180000 | M66: =K66-L66 | N66: {=_xlfn.IFNA(_xlfn.IFS(M66=0,"PAYE",K66=M66,"NON PAYE"),"PARTIEL")} | O66: CHQ-0213-2026 | P66: DECHARGE | Q66: GDIZ
A67: 46269 | B67: 0121-BC-SHEA/NAP-2026 | C67: 1063 | D67: FRS00039 | E67: =_xlfn.XLOOKUP(D67,'CODE FRS'!B:B,'CODE FRS'!C:C) | F67: BX8487RB/BS9645RB | G67: 35522 | H67: 37840 | I67: 336 | J67: 330 | K67: =H67*J67 | L67: 12487200 | M67: =K67-L67 | N67: {=_xlfn.IFNA(_xlfn.IFS(M67=0,"PAYE",K67=M67,"NON PAYE"),"PARTIEL")} | O67: CHQ-0211-2026 | P67: DECHARGE | Q67: GDIZ
A68: 46269 | C68: 1064 | D68: FRS00043 | E68: =_xlfn.XLOOKUP(D68,'CODE FRS'!B:B,'CODE FRS'!C:C) | F68: CC2790RB/CC2385RB | G68: 35540 | H68: 57940 | I68: 613 | J68: 335 | K68: =H68*J68 | L68: 19409900 | M68: =K68-L68 | N68: {=_xlfn.IFNA(_xlfn.IFS(M68=0,"PAYE",K68=M68,"NON PAYE"),"PARTIEL")} | O68: CHQ-0222-2026 | P68: DECHARGE | Q68: GDIZ
A69: 46269 | B69: 0106-BC-SHEA/NAP-2026 | C69: 1065 | D69: FRS00016 | E69: =_xlfn.XLOOKUP(D69,'CODE FRS'!B:B,'CODE FRS'!C:C) | F69: BJ0371RB/AH9481RB | G69: 35524 | H69: 30640 | I69: 392 | J69: 340 | K69: =H69*J69 | L69: 10417600 | M69: =K69-L69 | N69: {=_xlfn.IFNA(_xlfn.IFS(M69=0,"PAYE",K69=M69,"NON PAYE"),"PARTIEL")} | O69: CHQ-0232-2026 | P69: DECHARGE | Q69: GDIZ
A70: 46270 | B70: 0131-BC-SHEA/NAP-2026 | C70: 1066 | D70: FRS00032 | E70: =_xlfn.XLOOKUP(D70,'CODE FRS'!B:B,'CODE FRS'!C:C) | F70: CC0738RB/BX6397RB | G70: 35551 | H70: 51880 | I70: 533 | J70: 335 | K70: =H70*J70 | L70: 17379800 | M70: =K70-L70 | N70: {=_xlfn.IFNA(_xlfn.IFS(M70=0,"PAYE",K70=M70,"NON PAYE"),"PARTIEL")} | O70: CHQ-0236-2026 | P70: DECHARGE | Q70: GDIZ
A71: 46270 | B71: 0126-BC-SHEA/NAP-2026 | C71: 1067 | D71: FRS00015 | E71: =_xlfn.XLOOKUP(D71,'CODE FRS'!B:B,'CODE FRS'!C:C) | F71: BD6172RB/AG2S64RB | G71: 35550 | H71: 47600 | I71: 498 | J71: 335 | K71: =H71*J71 | L71: =13946000+2000000 | M71: =K71-L71 | N71: {=_xlfn.IFNA(_xlfn.IFS(M71=0,"PAYE",K71=M71,"NON PAYE"),"PARTIEL")} | O71: CHQ-0217-2026 & CHQ-0230-2026 | P71: DECHARGE | Q71: GDIZ
A72: 46270 | B72: 0120-BC-SHEA/NAP-2026 | C72: 1068 | D72: FRS00038 | E72: =_xlfn.XLOOKUP(D72,'CODE FRS'!B:B,'CODE FRS'!C:C) | F72: BT2739RB/BT2986RB | G72: 35568 | H72: 49740 | I72: 503 | J72: 331 | K72: =H72*J72 | L72: 16463940 | M72: =K72-L72 | N72: {=_xlfn.IFNA(_xlfn.IFS(M72=0,"PAYE",K72=M72,"NON PAYE"),"PARTIEL")} | O72: CHQ-0227-2026 | P72: DECHARGE | Q72: GDIZ
A73: 46270 | B73: 0133-BC-SHEA/NAP-2026 | C73: 1069 | D73: FRS00001 | E73: =_xlfn.XLOOKUP(D73,'CODE FRS'!B:B,'CODE FRS'!C:C) | F73: BS1649RB/BT0719RB | G73: 35580 | H73: 47020 | I73: 482 | J73: 335 | K73: =H73*J73 | L73: 15751700 | M73: =K73-L73 | N73: {=_xlfn.IFNA(_xlfn.IFS(M73=0,"PAYE",K73=M73,"NON PAYE"),"PARTIEL")} | O73: CHQ-0205-2026 | P73: DECHARGE | Q73: GDIZ
A74: 46270 | C74: 1070 | D74: FRS00009 | E74: =_xlfn.XLOOKUP(D74,'CODE FRS'!B:B,'CODE FRS'!C:C) | F74: BS4273RB/BM9382RB | G74: 35570 | H74: 50860 | I74: 512 | J74: 335 | K74: =H74*J74 | L74: =14038100+3000000 | M74: =K74-L74 | N74: {=_xlfn.IFNA(_xlfn.IFS(M74=0,"PAYE",K74=M74,"NON PAYE"),"PARTIEL")} | O74: CHQ-0216-2026 & CHQ-0228-2026 | P74: DECHARGE | Q74: GDIZ
A75: 46272 | B75: 0125-BC-SHEA/NAP-2026 | C75: 1071 | D75: FRS00016 | E75: =_xlfn.XLOOKUP(D75,'CODE FRS'!B:B,'CODE FRS'!C:C) | F75: CL0086RB/AG5575RB | G75: 35584 | H75: 34240 | I75: 324 | J75: 340 | K75: =H75*J75 | L75: 11641600 | M75: =K75-L75 | N75: {=_xlfn.IFNA(_xlfn.IFS(M75=0,"PAYE",K75=M75,"NON PAYE"),"PARTIEL")} | O75: CHQ-0232-2026 | P75: DECHARGE | Q75: GDIZ
A76: 46272 | B76: 0132-BC-SHEA/NAP-2026 | C76: 1072 | D76: FRS00001 | E76: =_xlfn.XLOOKUP(D76,'CODE FRS'!B:B,'CODE FRS'!C:C) | F76: BU1050RB/AY7402RB | G76: 35613 | H76: 44860 | I76: 470 | J76: 335 | K76: =H76*J76 | L76: 15028100 | M76: =K76-L76 | N76: {=_xlfn.IFNA(_xlfn.IFS(M76=0,"PAYE",K76=M76,"NON PAYE"),"PARTIEL")} | O76: CHQ-0231-2026 | P76: DECHARGE | Q76: GDIZ
A77: 46272 | B77: 0147-BC-SHEA/NAP-2026 | C77: 1073 | D77: FRS00016 | E77: =_xlfn.XLOOKUP(D77,'CODE FRS'!B:B,'CODE FRS'!C:C) | F77: BF8361RB/AS3628RB | G77: 35612 | H77: 40080 | I77: 425 | J77: 340 | K77: =H77*J77 | L77: 13627200 | M77: =K77-L77 | N77: {=_xlfn.IFNA(_xlfn.IFS(M77=0,"PAYE",K77=M77,"NON PAYE"),"PARTIEL")} | O77: CHQ-0232-2026 | P77: DECHARGE | Q77: GDIZ
A78: 46272 | B78: 0128-BC-SHEA/NAP-2026 | C78: 1074 | D78: FRS00001 | E78: =_xlfn.XLOOKUP(D78,'CODE FRS'!B:B,'CODE FRS'!C:C) | F78: BC6242RB/AU5794RB | G78: 35618 | H78: 38040 | I78: 408 | J78: 335 | K78: =H78*J78 | L78: =10000000+2743400 | M78: =K78-L78 | N78: {=_xlfn.IFNA(_xlfn.IFS(M78=0,"PAYE",K78=M78,"NON PAYE"),"PARTIEL")} | O78: CHQ-0241-2026 & CHQ-0247-2026 | P78: DECHARGE | Q78: GDIZ
A79: 46272 | B79: 0123-BC-SHEA/NAP-2026 | C79: 1075 | D79: FRS00016 | E79: =_xlfn.XLOOKUP(D79,'CODE FRS'!B:B,'CODE FRS'!C:C) | F79: CC9207RB/CG3619RB | G79: 35579 | H79: 34660 | I79: 374 | J79: 340 | K79: =H79*J79 | L79: 11784400 | M79: =K79-L79 | N79: {=_xlfn.IFNA(_xlfn.IFS(M79=0,"PAYE",K79=M79,"NON PAYE"),"PARTIEL")} | O79: CHQ-0254-2026 | P79: DECHARGE | Q79: GDIZ
A80: 46272 | B80: 0139-BC-SHEA/NAP-2026 | C80: 1076 | D80: FRS00026 | E80: =_xlfn.XLOOKUP(D80,'CODE FRS'!B:B,'CODE FRS'!C:C) | F80: BX0236RB/BP0463RB | G80: 35616 | H80: 46460 | I80: 567 | J80: 332 | K80: =H80*J80 | L80: 15424720 | M80: =K80-L80 | N80: {=_xlfn.IFNA(_xlfn.IFS(M80=0,"PAYE",K80=M80,"NON PAYE"),"PARTIEL")} | O80: CHQ-0234-2026 | P80: DECHARGE | Q80: GDIZ
A81: 46273 | B81: 0145-BC-SHEA/NAP-2026 | C81: 1077 | D81: FRS00035 | E81: =_xlfn.XLOOKUP(D81,'CODE FRS'!B:B,'CODE FRS'!C:C) | F81: CD9875RB/CD9877RB | G81: 35627 | H81: 32000 | I81: 320 | J81: 335 | K81: =H81*J81 | L81: 10720000 | M81: =K81-L81 | N81: {=_xlfn.IFNA(_xlfn.IFS(M81=0,"PAYE",K81=M81,"NON PAYE"),"PARTIEL")} | O81: CHQ-0220-2026 | P81: DECHARGE | Q81: GDIZ
A82: 46273 | B82: 0111-BC-SHEA/NAP-2026 | C82: 1078 | D82: FRS00034 | E82: =_xlfn.XLOOKUP(D82,'CODE FRS'!B:B,'CODE FRS'!C:C) | F82: CD6560RB/AS9619RB | G82: 35640 | H82: 38820 | I82: 412 | J82: 335 | K82: =H82*J82 | L82: 13004700 | M82: =K82-L82 | N82: {=_xlfn.IFNA(_xlfn.IFS(M82=0,"PAYE",K82=M82,"NON PAYE"),"PARTIEL")} | O82: CHQ-0229-2026 | P82: DECHARGE | Q82: GDIZ
A83: 46273 | B83: 0130-BC-SHEA/NAP-2026 | C83: 1079 | D83: FRS00020 | E83: =_xlfn.XLOOKUP(D83,'CODE FRS'!B:B,'CODE FRS'!C:C) | F83: CL6144RB/CL6145RB | G83: 35619 | H83: 50360 | I83: 506 | J83: 335 | K83: =H83*J83 | L83: 16870600 | M83: =K83-L83 | N83: {=_xlfn.IFNA(_xlfn.IFS(M83=0,"PAYE",K83=M83,"NON PAYE"),"PARTIEL")} | O83: CHQ-0239-2026 | P83: DECHARGE | Q83: GDIZ
A84: 46273 | B84: 0150-BC-SHEA/NAP-2026 | C84: 1080 | D84: FRS00041 | E84: =_xlfn.XLOOKUP(D84,'CODE FRS'!B:B,'CODE FRS'!C:C) | F84: BU0866RB/AG7735RB | G84: 35647 | H84: 36540 | I84: 400 | J84: 335 | K84: =H84*J84 | L84: 12240900 | M84: =K84-L84 | N84: {=_xlfn.IFNA(_xlfn.IFS(M84=0,"PAYE",K84=M84,"NON PAYE"),"PARTIEL")} | O84: CHQ-0237-2026 | P84: DECHARGE | Q84: GDIZ
A85: 46273 | B85: 0149-BC-SHEA/NAP-2026 | C85: 1081 | D85: FRS00017 | E85: =_xlfn.XLOOKUP(D85,'CODE FRS'!B:B,'CODE FRS'!C:C) | F85: BD8254RB/BR3877RB | G85: 35642 | H85: 38520 | I85: 448 | J85: 333 | K85: =H85*J85 | L85: 12827160 | M85: =K85-L85 | N85: {=_xlfn.IFNA(_xlfn.IFS(M85=0,"PAYE",K85=M85,"NON PAYE"),"PARTIEL")} | O85: CHQ-0235-2026 | P85: DECHARGE | Q85: GDIZ
A86: 46273 | C86: 1082 | D86: FRS00010 | E86: =_xlfn.XLOOKUP(D86,'CODE FRS'!B:B,'CODE FRS'!C:C) | F86: BX8310RB/BX9639RB | G86: 35646 | H86: 45000 | I86: 481 | J86: 335 | K86: =H86*J86 | L86: 15075000 | M86: =K86-L86 | N86: {=_xlfn.IFNA(_xlfn.IFS(M86=0,"PAYE",K86=M86,"NON PAYE"),"PARTIEL")} | O86: CHQ-0238-2026 | P86: DECHARGE | Q86: GDIZ
A87: 46273 | B87: 0116-BC-SHEA/NAP-2026 | C87: 1083 | D87: FRS00021 | E87: =_xlfn.XLOOKUP(D87,'CODE FRS'!B:B,'CODE FRS'!C:C) | F87: BA6457RB/AE5394RB | G87: 35628 | H87: 41300 | I87: 433 | J87: 332 | K87: =H87*J87 | L87: 13711600 | M87: =K87-L87 | N87: {=_xlfn.IFNA(_xlfn.IFS(M87=0,"PAYE",K87=M87,"NON PAYE"),"PARTIEL")} | O87: CHQ-0233-2026 | P87: DECHARGE | Q87: GDIZ
A88: 46274 | B88: 0114-BC-SHEA/NAP-2026 | C88: 1084 | D88: FRS00016 | E88: =_xlfn.XLOOKUP(D88,'CODE FRS'!B:B,'CODE FRS'!C:C) | F88: CB2771RB/BV2923RB | G88: 35654 | H88: 44320 | I88: 412 | J88: 340 | K88: =H88*J88 | L88: 15068800 | M88: =K88-L88 | N88: {=_xlfn.IFNA(_xlfn.IFS(M88=0,"PAYE",K88=M88,"NON PAYE"),"PARTIEL")} | O88: CHQ-0254-2026 | P88: DECHARGE | Q88: GDIZ
A89: 46274 | B89: 0138-BC-SHEA/NAP-2026 | C89: 1085 | D89: FRS00020 | E89: =_xlfn.XLOOKUP(D89,'CODE FRS'!B:B,'CODE FRS'!C:C) | F89: CE3529RB/AE7747RB | G89: 35652 | H89: 39980 | I89: 440 | J89: 335 | K89: =H89*J89 | L89: 13393300 | M89: =K89-L89 | N89: {=_xlfn.IFNA(_xlfn.IFS(M89=0,"PAYE",K89=M89,"NON PAYE"),"PARTIEL")} | O89: CHQ-0256-2026 | P89: DECHARGE | Q89: GDIZ
A90: 46274 | B90: 0159-BC-SHEA/NAP-2026 | C90: 1086 | D90: FRS00009 | E90: =_xlfn.XLOOKUP(D90,'CODE FRS'!B:B,'CODE FRS'!C:C) | F90: BX9920RB/BM9472RB | G90: 35650 | H90: 32720 | I90: 371 | J90: 335 | K90: =H90*J90 | L90: 10961200 | M90: =K90-L90 | N90: {=_xlfn.IFNA(_xlfn.IFS(M90=0,"PAYE",K90=M90,"NON PAYE"),"PARTIEL")} | O90: CHQ-0228-2026 | P90: DECHARGE | Q90: GDIZ
A91: 46274 | B91: 0091-BC-SHEA/NAP-2026 | C91: 1087 | D91: FRS00021 | E91: =_xlfn.XLOOKUP(D91,'CODE FRS'!B:B,'CODE FRS'!C:C) | F91: BP2914RB/T8377RB | G91: 35651 | H91: 43540 | I91: 507 | J91: 332 | K91: =H91*J91 | L91: =10000000+4515500 | M91: =K91-L91 | N91: {=_xlfn.IFNA(_xlfn.IFS(M91=0,"PAYE",K91=M91,"NON PAYE"),"PARTIEL")} | O91: CHQ-0244-2026 & CHQ-0253-2026 | P91: DECHARGE | Q91: GDIZ
A92: 46275 | B92: 0167-BC-SHEA/NAP-2026 | C92: 1088 | D92: FRS00015 | E92: =_xlfn.XLOOKUP(D92,'CODE FRS'!B:B,'CODE FRS'!C:C) | F92: BM6378RB/BJ0689RB | G92: 35681 | H92: 47700 | I92: 468 | J92: 335 | K92: =H92*J92 | L92: =9000000+6979500 | M92: =K92-L92 | N92: {=_xlfn.IFNA(_xlfn.IFS(M92=0,"PAYE",K92=M92,"NON PAYE"),"PARTIEL")} | O92: CHQ-0240-2026 & CHQ-0264-2026 | P92: DECHARGE | Q92: GDIZ
A93: 46275 | C93: 1089 | D93: FRS00033 | E93: =_xlfn.XLOOKUP(D93,'CODE FRS'!B:B,'CODE FRS'!C:C) | F93: CC0530RB/Y4535RB | G93: 35687 | H93: 38800 | I93: 420 | J93: 331 | K93: =H93*J93 | L93: 12842800 | M93: =K93-L93 | N93: {=_xlfn.IFNA(_xlfn.IFS(M93=0,"PAYE",K93=M93,"NON PAYE"),"PARTIEL")} | O93: CHQ-0251-2026 | P93: DECHARGE | Q93: GDIZ
A94: 46275 | C94: 1090 | D94: FRS00045 | E94: =_xlfn.XLOOKUP(D94,'CODE FRS'!B:B,'CODE FRS'!C:C) | F94: CK6287RB/CK6523RB | G94: 35708 | H94: 44120 | I94: 487 | J94: 331 | K94: =H94*J94 | L94: 14603720 | M94: =K94-L94 | N94: {=_xlfn.IFNA(_xlfn.IFS(M94=0,"PAYE",K94=M94,"NON PAYE"),"PARTIEL")} | O94: CHQ-0250-2026 | P94: DECHARGE | Q94: GDIZ
A95: 46275 | B95: 0134-BC-SHEA/NAP-2026 | C95: 1091 | D95: FRS00022 | E95: =_xlfn.XLOOKUP(D95,'CODE FRS'!B:B,'CODE FRS'!C:C) | F95: BV9692RB/BV9811RB | G95: 35709 | H95: 44260 | I95: 406 | J95: 335 | K95: =H95*J95 | L95: =10000000+4827100 | M95: =K95-L95 | N95: {=_xlfn.IFNA(_xlfn.IFS(M95=0,"PAYE",K95=M95,"NON PAYE"),"PARTIEL")} | O95: CHQ-0246-2026 & CHQ-0249-2026 | P95: DECHARGE | Q95: GDIZ
A96: 46275 | C96: 1092 | D96: FRS00026 | E96: =_xlfn.XLOOKUP(D96,'CODE FRS'!B:B,'CODE FRS'!C:C) | F96: BE4715RB/AD0539RB | G96: 35679 | H96: 48000 | I96: 460 | J96: 332 | K96: =H96*J96 | L96: 15936000 | M96: =K96-L96 | N96: {=_xlfn.IFNA(_xlfn.IFS(M96=0,"PAYE",K96=M96,"NON PAYE"),"PARTIEL")} | O96: CHQ-0258-2026 | P96: DECHARGE | Q96: GDIZ
A97: 46275 | B97: 0160-BC-SHEA/NAP-2026 | C97: 1093 | D97: FRS00009 | E97: =_xlfn.XLOOKUP(D97,'CODE FRS'!B:B,'CODE FRS'!C:C) | F97: CA6600RB/CA8326RB | G97: 35678 | H97: 40960 | I97: 465 | J97: 335 | K97: =H97*J97 | L97: =7000000+6721600 | M97: =K97-L97 | N97: {=_xlfn.IFNA(_xlfn.IFS(M97=0,"PAYE",K97=M97,"NON PAYE"),"PARTIEL")} | O97: CHQ-0242-2026 & CHQ-0262-2026 | P97: DECHARGE | Q97: GDIZ
A98: 46275 | B98: 0168-BC-SHEA/NAP-2026 | C98: 1094 | D98: FRS00032 | E98: =_xlfn.XLOOKUP(D98,'CODE FRS'!B:B,'CODE FRS'!C:C) | F98: BD4361RB/BV3227RB | G98: 35680 | H98: 39880 | I98: 411 | J98: 335 | K98: =H98*J98 | L98: 13359800 | M98: =K98-L98 | N98: {=_xlfn.IFNA(_xlfn.IFS(M98=0,"PAYE",K98=M98,"NON PAYE"),"PARTIEL")} | O98: CHQ-0248-2026 | P98: DECHARGE | Q98: GDIZ
A99: 46275 | B99: 0115-BC-SHEA/NAP-2026 | C99: 1095 | D99: FRS00037 | E99: =_xlfn.XLOOKUP(D99,'CODE FRS'!B:B,'CODE FRS'!C:C) | F99: BC6553RB/BC6554RB | G99: 35713 | H99: 32340 | I99: 327 | J99: 330 | K99: =H99*J99 | L99: 10672200 | M99: =K99-L99 | N99: {=_xlfn.IFNA(_xlfn.IFS(M99=0,"PAYE",K99=M99,"NON PAYE"),"PARTIEL")} | O99: CHQ-0259-2026 | P99: DECHARGE | Q99: GDIZ
A100: 46276 | B100: 0169-BC-SHEA/NAP-2026 | C100: 1096 | D100: FRS00004 | E100: =_xlfn.XLOOKUP(D100,'CODE FRS'!B:B,'CODE FRS'!C:C) | F100: CJ0436RB/BT5953RB | G100: 35733 | H100: 54780 | I100: 512 | J100: 340 | K100: =H100*J100 | L100: 18625200 | M100: =K100-L100 | N100: {=_xlfn.IFNA(_xlfn.IFS(M100=0,"PAYE",K100=M100,"NON PAYE"),"PARTIEL")} | O100: CHQ-0260-2026 | P100: DECHARGE | Q100: GDIZ
A101: 46276 | B101: 0162-BC-SHEA/NAP-2026 | C101: 1097 | D101: FRS00004 | E101: =_xlfn.XLOOKUP(D101,'CODE FRS'!B:B,'CODE FRS'!C:C) | F101: CH8791RB/CK0290RB | G101: 35734 | H101: 49760 | I101: 549 | J101: 340 | K101: =H101*J101 | L101: 16918400 | M101: =K101-L101 | N101: {=_xlfn.IFNA(_xlfn.IFS(M101=0,"PAYE",K101=M101,"NON PAYE"),"PARTIEL")} | O101: CHQ-0260-2026 | P101: DECHARGE | Q101: GDIZ
...

Sheet Releve Comptes Fournisseurs
C1: RELEVE DE COMPTES PAR FOURNISSEUR
E3: =SUBTOTAL(9,Table3[Nb BC Passes]) | F3: =SUBTOTAL(9,Table3[Nb rejet]) | G3: =SUBTOTAL(9,Table3[Nb Camions Livres]) | H3: =SUBTOTAL(9,Table3[Poids Net Livre (KG)]) | I3: =SUBTOTAL(9,Table3[Montant Total Du (FCFA)]) | J3: =SUBTOTAL(9,Table3[Montant Paye (FCFA)]) | K3: =SUBTOTAL(9,Table3[Solde Restant Du (FCFA)])
C4: Code FRS | D4: Fournisseur | E4: Nb BC Passes | F4: Nb rejet | G4: Nb Camions Livres | H4: Poids Net Livre (KG) | I4: Montant Total Du (FCFA) | J4: Montant Paye (FCFA) | K4: Solde Restant Du (FCFA) | L4: % Paye
C5: ='CODE FRS'!B4 | D5: =_xlfn.XLOOKUP(C5,'CODE FRS'!B:B,'CODE FRS'!C:C) | E5: =COUNTIF('Bons de Commande'!E:E,Table3[[#This Row],[Code FRS]]) | F5: =COUNTIFS(Table1[Statut Livraison],"REJETE",Table1[Fournisseur],Table3[[#This Row],[Fournisseur]]) | G5: =COUNTIF('Commandes Dechargees'!D:D,Table3[[#This Row],[Code FRS]]) | H5: =SUMIFS('Commandes Dechargees'!H:H,'Commandes Dechargees'!D:D,Table3[[#This Row],[Code FRS]]) | I5: =SUMIFS('Commandes Dechargees'!K:K,'Commandes Dechargees'!D:D,Table3[[#This Row],[Code FRS]]) | J5: =SUMIFS('Commandes Dechargees'!L:L,'Commandes Dechargees'!D:D,Table3[[#This Row],[Code FRS]]) | K5: =I5-J5 | L5: =IFERROR(J5/I5,0)
C6: ='CODE FRS'!B5 | D6: =_xlfn.XLOOKUP(C6,'CODE FRS'!B:B,'CODE FRS'!C:C) | E6: =COUNTIF('Bons de Commande'!E:E,Table3[[#This Row],[Code FRS]]) | F6: =COUNTIFS(Table1[Statut Livraison],"REJETE",Table1[Fournisseur],Table3[[#This Row],[Fournisseur]]) | G6: =COUNTIF('Commandes Dechargees'!D:D,Table3[[#This Row],[Code FRS]]) | H6: =SUMIFS('Commandes Dechargees'!H:H,'Commandes Dechargees'!D:D,Table3[[#This Row],[Code FRS]]) | I6: =SUMIFS('Commandes Dechargees'!K:K,'Commandes Dechargees'!D:D,Table3[[#This Row],[Code FRS]]) | J6: =SUMIFS('Commandes Dechargees'!L:L,'Commandes Dechargees'!D:D,Table3[[#This Row],[Code FRS]]) | K6: =I6-J6 | L6: =IFERROR(J6/I6,0)
C7: ='CODE FRS'!B6 | D7: =_xlfn.XLOOKUP(C7,'CODE FRS'!B:B,'CODE FRS'!C:C) | E7: =COUNTIF('Bons de Commande'!E:E,Table3[[#This Row],[Code FRS]]) | F7: =COUNTIFS(Table1[Statut Livraison],"REJETE",Table1[Fournisseur],Table3[[#This Row],[Fournisseur]]) | G7: =COUNTIF('Commandes Dechargees'!D:D,Table3[[#This Row],[Code FRS]]) | H7: =SUMIFS('Commandes Dechargees'!H:H,'Commandes Dechargees'!D:D,Table3[[#This Row],[Code FRS]]) | I7: =SUMIFS('Commandes Dechargees'!K:K,'Commandes Dechargees'!D:D,Table3[[#This Row],[Code FRS]]) | J7: =SUMIFS('Commandes Dechargees'!L:L,'Commandes Dechargees'!D:D,Table3[[#This Row],[Code FRS]]) | K7: =I7-J7 | L7: =IFERROR(J7/I7,0)
C8: ='CODE FRS'!B7 | D8: =_xlfn.XLOOKUP(C8,'CODE FRS'!B:B,'CODE FRS'!C:C) | E8: =COUNTIF('Bons de Commande'!E:E,Table3[[#This Row],[Code FRS]]) | F8: =COUNTIFS(Table1[Statut Livraison],"REJETE",Table1[Fournisseur],Table3[[#This Row],[Fournisseur]]) | G8: =COUNTIF('Commandes Dechargees'!D:D,Table3[[#This Row],[Code FRS]]) | H8: =SUMIFS('Commandes Dechargees'!H:H,'Commandes Dechargees'!D:D,Table3[[#This Row],[Code FRS]]) | I8: =SUMIFS('Commandes Dechargees'!K:K,'Commandes Dechargees'!D:D,Table3[[#This Row],[Code FRS]]) | J8: =SUMIFS('Commandes Dechargees'!L:L,'Commandes Dechargees'!D:D,Table3[[#This Row],[Code FRS]]) | K8: =I8-J8 | L8: =IFERROR(J8/I8,0)
C9: ='CODE FRS'!B8 | D9: =_xlfn.XLOOKUP(C9,'CODE FRS'!B:B,'CODE FRS'!C:C) | E9: =COUNTIF('Bons de Commande'!E:E,Table3[[#This Row],[Code FRS]]) | F9: =COUNTIFS(Table1[Statut Livraison],"REJETE",Table1[Fournisseur],Table3[[#This Row],[Fournisseur]]) | G9: =COUNTIF('Commandes Dechargees'!D:D,Table3[[#This Row],[Code FRS]]) | H9: =SUMIFS('Commandes Dechargees'!H:H,'Commandes Dechargees'!D:D,Table3[[#This Row],[Code FRS]]) | I9: =SUMIFS('Commandes Dechargees'!K:K,'Commandes Dechargees'!D:D,Table3[[#This Row],[Code FRS]]) | J9: =SUMIFS('Commandes Dechargees'!L:L,'Commandes Dechargees'!D:D,Table3[[#This Row],[Code FRS]]) | K9: =I9-J9 | L9: =IFERROR(J9/I9,0)
C10: ='CODE FRS'!B9 | D10: =_xlfn.XLOOKUP(C10,'CODE FRS'!B:B,'CODE FRS'!C:C) | E10: =COUNTIF('Bons de Commande'!E:E,Table3[[#This Row],[Code FRS]]) | F10: =COUNTIFS(Table1[Statut Livraison],"REJETE",Table1[Fournisseur],Table3[[#This Row],[Fournisseur]]) | G10: =COUNTIF('Commandes Dechargees'!D:D,Table3[[#This Row],[Code FRS]]) | H10: =SUMIFS('Commandes Dechargees'!H:H,'Commandes Dechargees'!D:D,Table3[[#This Row],[Code FRS]]) | I10: =SUMIFS('Commandes Dechargees'!K:K,'Commandes Dechargees'!D:D,Table3[[#This Row],[Code FRS]]) | J10: =SUMIFS('Commandes Dechargees'!L:L,'Commandes Dechargees'!D:D,Table3[[#This Row],[Code FRS]]) | K10: =I10-J10 | L10: =IFERROR(J10/I10,0)
C11: ='CODE FRS'!B10 | D11: =_xlfn.XLOOKUP(C11,'CODE FRS'!B:B,'CODE FRS'!C:C) | E11: =COUNTIF('Bons de Commande'!E:E,Table3[[#This Row],[Code FRS]]) | F11: =COUNTIFS(Table1[Statut Livraison],"REJETE",Table1[Fournisseur],Table3[[#This Row],[Fournisseur]]) | G11: =COUNTIF('Commandes Dechargees'!D:D,Table3[[#This Row],[Code FRS]]) | H11: =SUMIFS('Commandes Dechargees'!H:H,'Commandes Dechargees'!D:D,Table3[[#This Row],[Code FRS]]) | I11: =SUMIFS('Commandes Dechargees'!K:K,'Commandes Dechargees'!D:D,Table3[[#This Row],[Code FRS]]) | J11: =SUMIFS('Commandes Dechargees'!L:L,'Commandes Dechargees'!D:D,Table3[[#This Row],[Code FRS]]) | K11: =I11-J11 | L11: =IFERROR(J11/I11,0)
C12: ='CODE FRS'!B11 | D12: =_xlfn.XLOOKUP(C12,'CODE FRS'!B:B,'CODE FRS'!C:C) | E12: =COUNTIF('Bons de Commande'!E:E,Table3[[#This Row],[Code FRS]]) | F12: =COUNTIFS(Table1[Statut Livraison],"REJETE",Table1[Fournisseur],Table3[[#This Row],[Fournisseur]]) | G12: =COUNTIF('Commandes Dechargees'!D:D,Table3[[#This Row],[Code FRS]]) | H12: =SUMIFS('Commandes Dechargees'!H:H,'Commandes Dechargees'!D:D,Table3[[#This Row],[Code FRS]]) | I12: =SUMIFS('Commandes Dechargees'!K:K,'Commandes Dechargees'!D:D,Table3[[#This Row],[Code FRS]]) | J12: =SUMIFS('Commandes Dechargees'!L:L,'Commandes Dechargees'!D:D,Table3[[#This Row],[Code FRS]]) | K12: =I12-J12 | L12: =IFERROR(J12/I12,0)
C13: ='CODE FRS'!B12 | D13: =_xlfn.XLOOKUP(C13,'CODE FRS'!B:B,'CODE FRS'!C:C) | E13: =COUNTIF('Bons de Commande'!E:E,Table3[[#This Row],[Code FRS]]) | F13: =COUNTIFS(Table1[Statut Livraison],"REJETE",Table1[Fournisseur],Table3[[#This Row],[Fournisseur]]) | G13: =COUNTIF('Commandes Dechargees'!D:D,Table3[[#This Row],[Code FRS]]) | H13: =SUMIFS('Commandes Dechargees'!H:H,'Commandes Dechargees'!D:D,Table3[[#This Row],[Code FRS]]) | I13: =SUMIFS('Commandes Dechargees'!K:K,'Commandes Dechargees'!D:D,Table3[[#This Row],[Code FRS]]) | J13: =SUMIFS('Commandes Dechargees'!L:L,'Commandes Dechargees'!D:D,Table3[[#This Row],[Code FRS]]) | K13: =I13-J13 | L13: =IFERROR(J13/I13,0)
C14: ='CODE FRS'!B13 | D14: =_xlfn.XLOOKUP(C14,'CODE FRS'!B:B,'CODE FRS'!C:C) | E14: =COUNTIF('Bons de Commande'!E:E,Table3[[#This Row],[Code FRS]]) | F14: =COUNTIFS(Table1[Statut Livraison],"REJETE",Table1[Fournisseur],Table3[[#This Row],[Fournisseur]]) | G14: =COUNTIF('Commandes Dechargees'!D:D,Table3[[#This Row],[Code FRS]]) | H14: =SUMIFS('Commandes Dechargees'!H:H,'Commandes Dechargees'!D:D,Table3[[#This Row],[Code FRS]]) | I14: =SUMIFS('Commandes Dechargees'!K:K,'Commandes Dechargees'!D:D,Table3[[#This Row],[Code FRS]]) | J14: =SUMIFS('Commandes Dechargees'!L:L,'Commandes Dechargees'!D:D,Table3[[#This Row],[Code FRS]]) | K14: =I14-J14 | L14: =IFERROR(J14/I14,0)
C15: ='CODE FRS'!B14 | D15: =_xlfn.XLOOKUP(C15,'CODE FRS'!B:B,'CODE FRS'!C:C) | E15: =COUNTIF('Bons de Commande'!E:E,Table3[[#This Row],[Code FRS]]) | F15: =COUNTIFS(Table1[Statut Livraison],"REJETE",Table1[Fournisseur],Table3[[#This Row],[Fournisseur]]) | G15: =COUNTIF('Commandes Dechargees'!D:D,Table3[[#This Row],[Code FRS]]) | H15: =SUMIFS('Commandes Dechargees'!H:H,'Commandes Dechargees'!D:D,Table3[[#This Row],[Code FRS]]) | I15: =SUMIFS('Commandes Dechargees'!K:K,'Commandes Dechargees'!D:D,Table3[[#This Row],[Code FRS]]) | J15: =SUMIFS('Commandes Dechargees'!L:L,'Commandes Dechargees'!D:D,Table3[[#This Row],[Code FRS]]) | K15: =I15-J15 | L15: =IFERROR(J15/I15,0)
C16: ='CODE FRS'!B15 | D16: =_xlfn.XLOOKUP(C16,'CODE FRS'!B:B,'CODE FRS'!C:C) | E16: =COUNTIF('Bons de Commande'!E:E,Table3[[#This Row],[Code FRS]]) | F16: =COUNTIFS(Table1[Statut Livraison],"REJETE",Table1[Fournisseur],Table3[[#This Row],[Fournisseur]]) | G16: =COUNTIF('Commandes Dechargees'!D:D,Table3[[#This Row],[Code FRS]]) | H16: =SUMIFS('Commandes Dechargees'!H:H,'Commandes Dechargees'!D:D,Table3[[#This Row],[Code FRS]]) | I16: =SUMIFS('Commandes Dechargees'!K:K,'Commandes Dechargees'!D:D,Table3[[#This Row],[Code FRS]]) | J16: =SUMIFS('Commandes Dechargees'!L:L,'Commandes Dechargees'!D:D,Table3[[#This Row],[Code FRS]]) | K16: =I16-J16 | L16: =IFERROR(J16/I16,0)
... C50: ='CODE FRS'!B49 | D50: =_xlfn.XLOOKUP(C50,'CODE FRS'!B:B,'CODE FRS'!C:C) | E50: =COUNTIF('Bons de Commande'!E:E,Table3[[#This Row],[Code FRS]]) | F50: =COUNTIFS(Table1[Statut Livraison],"REJETE",Table1[Fournisseur],Table3[[#This Row],[Fournisseur]]) | G50: =COUNTIF('Commandes Dechargees'!D:D,Table3[[#This Row],[Code FRS]]) | H50: =SUMIFS('Commandes Dechargees'!H:H,'Commandes Dechargees'!D:D,Table3[[#This Row],[Code FRS]]) | I50: =SUMIFS('Commandes Dechargees'!K:K,'Commandes Dechargees'!D:D,Table3[[#This Row],[Code FRS]]) | J50: =SUMIFS('Commandes Dechargees'!L:L,'Commandes Dechargees'!D:D,Table3[[#This Row],[Code FRS]]) | K50: =I50-J50 | L50: =IFERROR(J50/I50,0)
